period,start_date,end_date,trading_days,rsi_window,buy_rsi_below,sell_rsi_above,stop_loss_pct,position_sizing,position_sizing_mode,position_sizing_amount,transaction_cost_pct_per_side,slippage_pct_per_side,strategy_final_value,total_return_pct,annualized_return_pct,max_drawdown_pct,completed_trades,win_rate_pct,average_winning_trade_usd,average_losing_trade_usd,profit_factor,largest_losing_streak,exposure_days,exposure_pct,open_shares_at_end,skipped_signals_missing_open,buy_hold_final_value,buy_hold_return_pct,excess_return_vs_buy_hold_pp
full_history,1993-01-29,2026-09-24,8471,14,30.0,70.0,5.0,fixed_10_shares,fixed_shares,10.0,0.0,0.0,13932.376118,39.32376118,0.99037324,6.3459205,54,46.2962963,252.662175,-82.213043,2.6493633,7,2137,25.2272459,0.0,0,318720.212787,3087.20212787,-3047.87836669
development_70pct,1993-01-29,2016-08-12,5929,14,30.0,70.0,5.0,fixed_10_shares,fixed_shares,10.0,0.0,0.0,10879.566275,8.79566275,0.35884431,3.09439592,36,44.44444444,105.877871,-40.723983,2.07991189,7,1424,24.0175409,0.0,0,77117.247156,671.17247156,-662.37680881
holdout_30pct,2016-08-15,2026-09-24,2542,14,30.0,70.0,5.0,fixed_10_shares,fixed_shares,10.0,0.0,0.0,13052.809844,30.52809844,2.67072095,6.87056776,18,50.0,513.612049,-174.410955,2.94483823,4,713,28.04878049,0.0,0,41248.111024,312.48111024,-281.9530118
2010-2015,2010-01-04,2015-12-31,1510,14,30.0,70.0,5.0,fixed_10_shares,fixed_shares,10.0,0.0,0.0,10516.924283,5.16924283,0.84529273,1.31383687,6,66.66666667,151.816074,-45.170007,6.72198587,2,238,15.7615894,0.0,0,20494.880831,104.94880831,-99.77956548
2016-2020,2016-01-04,2020-12-31,1259,14,30.0,70.0,5.0,fixed_10_shares,fixed_shares,10.0,0.0,0.0,10786.104576,7.86104576,1.52772234,6.8107466,14,42.85714286,312.013248,-135.746864,1.72386992,4,399,31.6918189,0.0,0,20539.199162,105.39199162,-97.53094586
2021-2026,2021-01-04,2026-09-24,1438,14,30.0,70.0,5.0,fixed_10_shares,fixed_shares,10.0,0.0,0.0,12360.15022,23.6015022,3.77430639,5.70232743,6,66.66666667,731.257927,-282.440743,5.17813343,1,368,25.59109875,0.0,0,22069.009668,120.69009668,-97.08859448
full_history,1993-01-29,2026-09-24,8471,14,30.0,70.0,5.0,fixed_10_shares,fixed_shares,10.0,0.0,0.05,12998.1759,29.981759,0.7822914,6.60849466,54,44.44444444,232.695177,-86.216945,2.15915957,7,1971,23.26761894,0.0,0,318401.651855,3084.01651855,-3054.03475955
development_70pct,1993-01-29,2016-08-12,5929,14,30.0,70.0,5.0,fixed_10_shares,fixed_shares,10.0,0.0,0.05,10855.517059,8.55517059,0.34940807,3.19039239,36,44.44444444,104.960954,-41.19291,2.03842756,7,1424,24.0175409,0.0,0,77040.168448,670.40168448,-661.84651389
holdout_30pct,2016-08-15,2026-09-24,2542,14,30.0,70.0,5.0,fixed_10_shares,fixed_shares,10.0,0.0,0.05,12142.658841,21.42658841,1.93918888,7.12446619,18,44.44444444,488.163624,-176.265015,2.2155894,4,547,21.51848938,0.0,0,41206.883526,312.06883526,-290.64224686
2010-2015,2010-01-04,2015-12-31,1510,14,30.0,70.0,5.0,fixed_10_shares,fixed_shares,10.0,0.0,0.05,10510.56526,5.1056526,0.83510662,1.31942763,6,66.66666667,150.452276,-45.621922,6.59561327,2,238,15.7615894,0.0,0,20474.396193,104.74396193,-99.63830933
2016-2020,2016-01-04,2020-12-31,1259,14,30.0,70.0,5.0,fixed_10_shares,fixed_shares,10.0,0.0,0.05,10761.999859,7.61999859,1.48222206,6.84388142,14,42.85714286,309.782038,-137.086546,1.69481641,4,399,31.6918189,0.0,0,20518.670227,105.18670227,-97.56670369
2021-2026,2021-01-04,2026-09-24,1438,14,30.0,70.0,5.0,fixed_10_shares,fixed_shares,10.0,0.0,0.05,11471.6387,14.716387,2.42952983,7.58922485,6,50.0,739.855414,-249.309181,2.96762202,2,202,14.0472879,0.0,0,22046.951687,120.46951687,-105.75312987
full_history,1993-01-29,2026-09-24,8471,14,30.0,70.0,5.0,fixed_10_shares,fixed_shares,10.0,0.0,0.1,12927.000687,29.27000687,0.76584806,6.43040488,54,44.44444444,230.912927,-87.163652,2.11935064,7,1925,22.72458978,0.0,0,318083.409165,3080.83409165,-3051.56408478
development_70pct,1993-01-29,2016-08-12,5929,14,30.0,70.0,5.0,fixed_10_shares,fixed_shares,10.0,0.0,0.1,10831.462366,8.31462366,0.33994964,3.28828284,36,44.44444444,104.044036,-41.662111,1.99786395,7,1424,24.0175409,0.0,0,76963.166742,669.63166742,-661.31704376
holdout_30pct,2016-08-15,2026-09-24,2542,14,30.0,70.0,5.0,fixed_10_shares,fixed_shares,10.0,0.0,0.1,12095.538321,20.95538321,1.89998523,6.93456077,18,44.44444444,484.650708,-178.166735,2.17616699,4,501,19.70889064,0.0,0,41165.697215,311.65697215,-290.70158894
2010-2015,2010-01-04,2015-12-31,1510,14,30.0,70.0,5.0,fixed_10_shares,fixed_shares,10.0,0.0,0.1,10504.205378,5.04205378,0.82491401,1.32502413,6,66.66666667,149.088477,-46.074265,6.47165944,2,238,15.7615894,0.0,0,20453.932019,104.53932019,-99.49726641
2016-2020,2016-01-04,2020-12-31,1259,14,30.0,70.0,5.0,fixed_10_shares,fixed_shares,10.0,0.0,0.1,10737.887299,7.37887299,1.43662538,6.87716185,14,42.85714286,307.550828,-138.427209,1.66631346,4,399,31.6918189,0.0,0,20498.161801,104.98161801,-97.60274502
2021-2026,2021-01-04,2026-09-24,1438,14,30.0,70.0,5.0,fixed_10_shares,fixed_shares,10.0,0.0,0.1,11446.164735,14.46164735,2.38972404,7.16635976,6,50.0,734.398969,-252.344057,2.91030816,2,156,10.84840056,0.0,0,22024.915742,120.24915742,-105.78751008
full_history,1993-01-29,2026-09-24,8471,14,30.0,70.0,5.0,fixed_10_shares,fixed_shares,10.0,0.05,0.0,13844.664974,38.44664974,0.97142179,6.41443142,54,46.2962963,250.798277,-83.630757,2.585238,7,2137,25.2272459,0.0,0,318401.651855,3084.01651855,-3045.56986881
development_70pct,1993-01-29,2016-08-12,5929,14,30.0,70.0,5.0,fixed_10_shares,fixed_shares,10.0,0.05,0.0,10850.041632,8.50041632,0.34725687,3.21739788,36,44.44444444,104.960954,-41.466681,2.02496945,7,1424,24.0175409,0.0,0,77040.168448,670.40168448,-661.90126816
holdout_30pct,2016-08-15,2026-09-24,2542,14,30.0,70.0,5.0,fixed_10_shares,fixed_shares,10.0,0.05,0.0,12994.623342,29.94623342,2.62535111,6.92798225,18,50.0,510.06463,-177.328703,2.87637941,4,713,28.04878049,0.0,0,41206.883526,312.06883526,-282.12260184
2010-2015,2010-01-04,2015-12-31,1510,14,30.0,70.0,5.0,fixed_10_shares,fixed_shares,10.0,0.05,0.0,10509.707459,5.09707459,0.83373218,1.32362934,6,66.66666667,150.452276,-46.050822,6.53418414,2,238,15.7615894,0.0,0,20474.396193,104.74396193,-99.64688734
2016-2020,2016-01-04,2020-12-31,1259,14,30.0,70.0,5.0,fixed_10_shares,fixed_shares,10.0,0.05,0.0,10754.160939,7.54160939,1.46740769,6.86961518,14,42.85714286,309.782038,-138.066411,1.68278821,4,399,31.6918189,0.0,0,20518.670227,105.18670227,-97.64509289
2021-2026,2021-01-04,2026-09-24,1438,14,30.0,70.0,5.0,fixed_10_shares,fixed_shares,10.0,0.05,0.0,12330.671508,23.30671508,3.73098981,5.73562417,6,66.66666667,726.209731,-287.083708,5.0592194,1,368,25.59109875,0.0,0,22046.951687,120.46951687,-97.1628018
full_history,1993-01-29,2026-09-24,8471,14,30.0,70.0,5.0,fixed_10_shares,fixed_shares,10.0,0.05,0.05,12910.888984,29.10888984,0.76211365,6.70456814,54,44.44444444,230.912986,-87.700756,2.10637169,7,1971,23.26761894,0.0,0,318083.409324,3080.83409324,-3051.7252034
development_70pct,1993-01-29,2016-08-12,5929,14,30.0,70.0,5.0,fixed_10_shares,fixed_shares,10.0,0.05,0.05,10825.989899,8.25989899,0.33779503,3.31529786,36,44.44444444,104.044063,-41.935755,1.98482774,7,1424,24.0175409,0.0,0,76963.16678,669.6316678,-661.37176882
holdout_30pct,2016-08-15,2026-09-24,2542,14,30.0,70.0,5.0,fixed_10_shares,fixed_shares,10.0,0.05,0.05,12084.899085,20.84899085,1.89111448,7.21149636,18,44.44444444,484.650831,-179.230757,2.1632485,4,547,21.51848938,0.0,0,41165.697236,311.65697236,-290.80798151
2010-2015,2010-01-04,2015-12-31,1510,14,30.0,70.0,5.0,fixed_10_shares,fixed_shares,10.0,0.05,0.05,10503.348135,5.03348135,0.82353976,1.32922489,6,66.66666667,149.088515,-46.502962,6.41200075,2,238,15.7615894,0.0,0,20453.932029,104.53932029,-99.50583894
2016-2020,2016-01-04,2020-12-31,1259,14,30.0,70.0,5.0,fixed_10_shares,fixed_shares,10.0,0.05,0.05,10730.052499,7.30052499,1.4217922,6.90294785,14,42.85714286,307.550906,-139.406617,1.65460711,4,399,31.6918189,0.0,0,20498.161811,104.98161811,-97.68109313
2021-2026,2021-01-04,2026-09-24,1438,14,30.0,70.0,5.0,fixed_10_shares,fixed_shares,10.0,0.05,0.05,11442.590094,14.42590094,2.38413243,7.66198762,6,50.0,734.399155,-253.535791,2.89662912,2,202,14.0472879,0.0,0,22024.915753,120.24915753,-105.8232566
full_history,1993-01-29,2026-09-24,8471,14,30.0,70.0,5.0,fixed_10_shares,fixed_shares,10.0,0.05,0.1,12839.706486,28.39706486,0.74556046,6.49981684,54,44.44444444,229.130794,-88.647752,2.06778661,7,1925,22.72458978,0.0,0,317765.484718,3077.65484718,-3049.25778232
development_70pct,1993-01-29,2016-08-12,5929,14,30.0,70.0,5.0,fixed_10_shares,fixed_shares,10.0,0.05,0.1,10801.93269,8.0193269,0.32831088,3.41641087,36,44.44444444,103.127172,-42.405103,1.94556155,7,1424,24.0175409,0.0,0,76886.242038,668.86242038,-660.84309347
holdout_30pct,2016-08-15,2026-09-24,2542,14,30.0,70.0,5.0,fixed_10_shares,fixed_shares,10.0,0.05,0.1,12037.773796,20.37773796,1.85173772,6.9923175,18,44.44444444,481.138039,-181.133052,2.12501489,4,501,19.70889064,0.0,0,41124.552091,311.24552091,-290.86778295
2010-2015,2010-01-04,2015-12-31,1510,14,30.0,70.0,5.0,fixed_10_shares,fixed_shares,10.0,0.05,0.1,10496.987954,4.96987954,0.81334083,1.33482618,6,66.66666667,147.724754,-46.955532,6.29211294,2,238,15.7615894,0.0,0,20433.488308,104.33488308,-99.36500354
2016-2020,2016-01-04,2020-12-31,1259,14,30.0,70.0,5.0,fixed_10_shares,fixed_shares,10.0,0.05,0.1,10705.93622,7.0593622,1.37607982,6.93642723,14,42.85714286,305.319775,-140.747804,1.62695136,4,399,31.6918189,0.0,0,20477.673883,104.77673883,-97.71737663
2021-2026,2021-01-04,2026-09-24,1438,14,30.0,70.0,5.0,fixed_10_shares,fixed_shares,10.0,0.05,0.1,11417.114716,14.17114716,2.34424096,7.23959272,6,50.0,728.942896,-256.571324,2.84109262,2,156,10.84840056,0.0,0,22002.901834,120.02901834,-105.85787117
full_history,1993-01-29,2026-09-24,8471,14,30.0,70.0,5.0,fixed_10_shares,fixed_shares,10.0,0.1,0.0,13756.95383,37.5695383,0.95235348,6.48355543,54,46.2962963,248.934379,-85.048471,2.52325058,7,2137,25.2272459,0.0,0,318083.409165,3080.83409165,-3043.26455335
development_70pct,1993-01-29,2016-08-12,5929,14,30.0,70.0,5.0,fixed_10_shares,fixed_shares,10.0,0.1,0.0,10820.51699,8.2051699,0.3356392,3.34231705,36,44.44444444,104.044036,-42.209379,1.9719605,7,1424,24.0175409,0.0,0,76963.166742,669.63166742,-661.42649752
holdout_30pct,2016-08-15,2026-09-24,2542,14,30.0,70.0,5.0,fixed_10_shares,fixed_shares,10.0,0.1,0.0,12936.436841,29.36436841,2.57979785,6.98563036,18,50.0,506.517211,-180.246451,2.81013695,4,713,28.04878049,0.0,0,41165.697215,311.65697215,-282.29260375
2010-2015,2010-01-04,2015-12-31,1510,14,30.0,70.0,5.0,fixed_10_shares,fixed_shares,10.0,0.1,0.0,10502.490634,5.02490634,0.82216501,1.33342536,6,66.66666667,149.088477,-46.931637,6.35343175,2,238,15.7615894,0.0,0,20453.932019,104.53932019,-99.51441385
2016-2020,2016-01-04,2020-12-31,1259,14,30.0,70.0,5.0,fixed_10_shares,fixed_shares,10.0,0.1,0.0,10722.217302,7.22217302,1.40694961,6.92875701,14,42.85714286,307.550828,-140.385959,1.64306405,4,399,31.6918189,0.0,0,20498.161801,104.98161801,-97.75944499
2021-2026,2021-01-04,2026-09-24,1438,14,30.0,70.0,5.0,fixed_10_shares,fixed_shares,10.0,0.1,0.0,12301.192795,23.01192795,3.6875877,5.76894812,6,66.66666667,721.161535,-291.726672,4.94409051,1,368,25.59109875,0.0,0,22024.915742,120.24915742,-97.23722947
full_history,1993-01-29,2026-09-24,8471,14,30.0,70.0,5.0,fixed_10_shares,fixed_shares,10.0,0.1,0.05,12823.602067,28.23602067,0.7418031,6.80166809,54,44.44444444,229.130794,-89.184566,2.05534032,7,1971,23.26761894,0.0,0,317765.484718,3077.65484718,-3049.41882651
development_70pct,1993-01-29,2016-08-12,5929,14,30.0,70.0,5.0,fixed_10_shares,fixed_shares,10.0,0.1,0.05,10796.462739,7.96462739,0.32615162,3.44343994,36,44.44444444,103.127172,-42.6786,1.93309379,7,1424,24.0175409,0.0,0,76886.242038,668.86242038,-660.89779299
holdout_30pct,2016-08-15,2026-09-24,2542,14,30.0,70.0,5.0,fixed_10_shares,fixed_shares,10.0,0.1,0.05,12027.139329,20.27139329,1.8428326,7.29905249,18,44.44444444,481.138039,-182.196498,2.11261157,4,547,21.51848938,0.0,0,41124.552091,311.24552091,-290.97412762
2010-2015,2010-01-04,2015-12-31,1510,14,30.0,70.0,5.0,fixed_10_shares,fixed_shares,10.0,0.1,0.05,10496.131011,4.96131011,0.81196628,1.3390257,6,66.66666667,147.724754,-47.384003,6.23521627,2,238,15.7615894,0.0,0,20433.488308,104.33488308,-99.37357298
2016-2020,2016-01-04,2020-12-31,1259,14,30.0,70.0,5.0,fixed_10_shares,fixed_shares,10.0,0.1,0.05,10698.105139,6.98105139,1.3612183,6.96228897,14,42.85714286,305.319775,-141.726689,1.61571425,4,399,31.6918189,0.0,0,20477.673883,104.77673883,-97.79568744
2021-2026,2021-01-04,2026-09-24,1438,14,30.0,70.0,5.0,fixed_10_shares,fixed_shares,10.0,0.1,0.05,11413.541488,14.13541488,2.33863983,7.73480985,6,50.0,728.942896,-257.762401,2.82796442,2,202,14.0472879,0.0,0,22002.901834,120.02901834,-105.89360346
full_history,1993-01-29,2026-09-24,8471,14,30.0,70.0,5.0,fixed_10_shares,fixed_shares,10.0,0.1,0.1,12752.412285,27.52412285,0.72513858,6.56985456,54,44.44444444,227.348661,-90.131853,2.01792067,7,1925,22.72458978,0.0,0,317447.877878,3074.47877878,-3046.95465593
development_70pct,1993-01-29,2016-08-12,5929,14,30.0,70.0,5.0,fixed_10_shares,fixed_shares,10.0,0.1,0.1,10772.403015,7.72403015,0.31664161,3.54636411,36,44.44444444,102.210307,-43.148095,1.89506039,7,1424,24.0175409,0.0,0,76809.394181,668.09394181,-660.36991166
holdout_30pct,2016-08-15,2026-09-24,2542,14,30.0,70.0,5.0,fixed_10_shares,fixed_shares,10.0,0.1,0.1,11980.00927,19.8000927,1.80328114,7.05031004,18,44.44444444,477.625369,-184.099369,2.07551117,4,501,19.70889064,0.0,0,41083.44807,310.8344807,-291.034388
2010-2015,2010-01-04,2015-12-31,1510,14,30.0,70.0,5.0,fixed_10_shares,fixed_shares,10.0,0.1,0.1,10489.77053,4.8977053,0.80176102,1.34463178,6,66.66666667,146.361032,-47.836798,6.11918178,2,238,15.7615894,0.0,0,20413.065022,104.13065022,-99.23294491
2016-2020,2016-01-04,2020-12-31,1259,14,30.0,70.0,5.0,fixed_10_shares,fixed_shares,10.0,0.1,0.1,10673.985141,6.73985141,1.31538959,6.99596874,14,42.85714286,303.088721,-143.068398,1.58886619,4,399,31.6918189,0.0,0,20457.206433,104.57206433,-97.83221292
2021-2026,2021-01-04,2026-09-24,1438,14,30.0,70.0,5.0,fixed_10_shares,fixed_shares,10.0,0.1,0.1,11388.064698,13.88064698,2.2986623,7.31288549,6,50.0,723.486824,-260.798591,2.7741209,2,156,10.84840056,0.0,0,21980.909917,119.80909917,-105.92845219
full_history,1993-01-29,2026-09-24,8471,14,30.0,70.0,5.0,10pct_equity,equity_fraction,0.1,0.0,0.0,12115.840957,21.15840957,0.57198147,5.01566733,54,46.2962963,152.935128,-58.880594,2.23911849,7,2137,25.2272459,0.0,0,318720.212787,3087.20212787,-3066.0437183
development_70pct,1993-01-29,2016-08-12,5929,14,30.0,70.0,5.0,10pct_equity,equity_fraction,0.1,0.0,0.0,11084.369866,10.84369866,0.43840371,5.01566733,36,44.44444444,137.90367,-56.104443,1.96638502,7,1424,24.0175409,0.0,0,77117.247156,671.17247156,-660.3287729
holdout_30pct,2016-08-15,2026-09-24,2542,14,30.0,70.0,5.0,10pct_equity,equity_fraction,0.1,0.0,0.0,10930.563581,9.30563581,0.88414381,2.80701296,18,50.0,162.082032,-58.686078,2.76184806,4,713,28.04878049,0.0,0,41248.111024,312.48111024,-303.17547443
2010-2015,2010-01-04,2015-12-31,1510,14,30.0,70.0,5.0,10pct_equity,equity_fraction,0.1,0.0,0.0,10366.029688,3.66029688,0.60218857,1.45177126,6,66.66666667,116.444922,-49.875,4.66947056,2,238,15.7615894,0.0,0,20494.880831,104.94880831,-101.28851143
2016-2020,2016-01-04,2020-12-31,1259,14,30.0,70.0,5.0,10pct_equity,equity_fraction,0.1,0.0,0.0,10441.514811,4.41514811,0.86938942,2.80701296,14,42.85714286,150.099435,-57.385225,1.96173452,4,399,31.6918189,0.0,0,20539.199162,105.39199162,-100.97684351
2021-2026,2021-01-04,2026-09-24,1438,14,30.0,70.0,5.0,10pct_equity,equity_fraction,0.1,0.0,0.0,10532.164517,5.32164517,0.91066839,1.47339818,6,66.66666667,162.326066,-58.569873,5.5429885,1,368,25.59109875,0.0,0,22069.009668,120.69009668,-115.36845151
full_history,1993-01-29,2026-09-24,8471,14,30.0,70.0,5.0,10pct_equity,equity_fraction,0.1,0.0,0.05,11768.650922,17.68650922,0.48512459,5.13870126,54,44.44444444,147.762912,-59.255299,1.99493263,7,1971,23.26761894,0.0,0,318401.651855,3084.01651855,-3066.33000933
development_70pct,1993-01-29,2016-08-12,5929,14,30.0,70.0,5.0,10pct_equity,equity_fraction,0.1,0.0,0.05,11051.459601,10.51459601,0.42571458,5.13870126,36,44.44444444,136.51834,-56.641692,1.92816754,7,1424,24.0175409,0.0,0,77040.168448,670.40168448,-659.88708847
holdout_30pct,2016-08-15,2026-09-24,2542,14,30.0,70.0,5.0,10pct_equity,equity_fraction,0.1,0.0,0.05,10648.956198,6.48956198,0.62397947,2.81467822,18,44.44444444,154.05391,-58.347509,2.11222606,4,547,21.51848938,0.0,0,41206.883526,312.06883526,-305.57927328
2010-2015,2010-01-04,2015-12-31,1510,14,30.0,70.0,5.0,10pct_equity,equity_fraction,0.1,0.0,0.05,10360.470627,3.60470627,0.59317629,1.45562568,6,66.66666667,115.291464,-50.347614,4.57981839,2,238,15.7615894,0.0,0,20474.396193,104.74396193,-101.13925566
2016-2020,2016-01-04,2020-12-31,1259,14,30.0,70.0,5.0,10pct_equity,equity_fraction,0.1,0.0,0.05,10430.000021,4.30000021,0.84709239,2.81467822,14,42.85714286,148.851253,-57.888437,1.92851017,4,399,31.6918189,0.0,0,20518.670227,105.18670227,-100.88670206
2021-2026,2021-01-04,2026-09-24,1438,14,30.0,70.0,5.0,10pct_equity,equity_fraction,0.1,0.0,0.05,10270.530306,2.70530306,0.46781296,1.97554288,6,50.0,145.883322,-55.706553,2.61878205,2,202,14.0472879,0.0,0,22046.951687,120.46951687,-117.76421382
full_history,1993-01-29,2026-09-24,8471,14,30.0,70.0,5.0,10pct_equity,equity_fraction,0.1,0.0,0.1,11716.458277,17.16458277,0.47185298,5.26408285,54,44.44444444,146.200493,-59.745118,1.95765608,7,1925,22.72458978,0.0,0,318083.409165,3080.83409165,-3063.66950889
development_70pct,1993-01-29,2016-08-12,5929,14,30.0,70.0,5.0,10pct_equity,equity_fraction,0.1,0.0,0.1,11018.668827,10.18668827,0.41303548,5.26408285,36,44.44444444,135.138182,-57.177104,1.89080134,7,1424,24.0175409,0.0,0,76963.166742,669.63166742,-659.44497915
holdout_30pct,2016-08-15,2026-09-24,2542,14,30.0,70.0,5.0,10pct_equity,equity_fraction,0.1,0.0,0.1,10633.279266,6.33279266,0.6093148,2.8223446,18,44.44444444,152.763566,-58.882926,2.07548878,4,501,19.70889064,0.0,0,41165.697215,311.65697215,-305.3241795
2010-2015,2010-01-04,2015-12-31,1510,14,30.0,70.0,5.0,10pct_equity,equity_fraction,0.1,0.0,0.1,10354.918559,3.54918559,0.58417132,1.45948085,6,66.66666667,114.139742,-50.820205,4.49190405,2,238,15.7615894,0.0,0,20453.932019,104.53932019,-100.9901346
2016-2020,2016-01-04,2020-12-31,1259,14,30.0,70.0,5.0,10pct_equity,equity_fraction,0.1,0.0,0.1,10418.50488,4.1850488,0.82481377,2.8223446,14,42.85714286,147.605403,-58.390942,1.89591139,4,399,31.6918189,0.0,0,20498.161801,104.98161801,-100.79656921
2021-2026,2021-01-04,2026-09-24,1438,14,30.0,70.0,5.0,10pct_equity,equity_fraction,0.1,0.0,0.1,10265.108583,2.65108583,0.45853788,1.86147616,6,50.0,144.696686,-56.327158,2.56886182,2,156,10.84840056,0.0,0,22024.915742,120.24915742,-117.59807159
full_history,1993-01-29,2026-09-24,8471,14,30.0,70.0,5.0,10pct_equity,equity_fraction,0.1,0.05,0.0,12048.583736,20.48583736,0.5553459,5.17941169,54,46.2962963,151.235683,-59.73477,2.18257454,7,2137,25.2272459,0.0,0,318401.651855,3084.01651855,-3063.53068119
development_70pct,1993-01-29,2016-08-12,5929,14,30.0,70.0,5.0,10pct_equity,equity_fraction,0.1,0.05,0.0,11043.556039,10.43556039,0.42266183,5.17941169,36,44.44444444,136.468319,-56.996853,1.91545057,7,1424,24.0175409,0.0,0,77040.168448,670.40168448,-659.96612409
holdout_30pct,2016-08-15,2026-09-24,2542,14,30.0,70.0,5.0,10pct_equity,equity_fraction,0.1,0.05,0.0,10910.058041,9.10058041,0.86540477,2.82394816,18,50.0,160.717049,-59.599489,2.6966179,4,713,28.04878049,0.0,0,41206.883526,312.06883526,-302.96825486
2010-2015,2010-01-04,2015-12-31,1510,14,30.0,70.0,5.0,10pct_equity,equity_fraction,0.1,0.05,0.0,10359.482402,3.59482402,0.59157377,1.46032558,6,66.66666667,115.280467,-50.819733,4.53683878,2,238,15.7615894,0.0,0,20474.396193,104.74396193,-101.14913791
2016-2020,2016-01-04,2020-12-31,1259,14,30.0,70.0,5.0,10pct_equity,equity_fraction,0.1,0.05,0.0,10426.518435,4.26518435,0.84034684,2.82394816,14,42.85714286,148.820466,-58.300545,1.91448209,4,399,31.6918189,0.0,0,20518.670227,105.18670227,-100.92151793
2021-2026,2021-01-04,2026-09-24,1438,14,30.0,70.0,5.0,10pct_equity,equity_fraction,0.1,0.05,0.0,10525.365095,5.25365095,0.89927485,1.48193114,6,66.66666667,161.096798,-59.511048,5.41401314,1,368,25.59109875,0.0,0,22046.951687,120.46951687,-115.21586592
full_history,1993-01-29,2026-09-24,8471,14,30.0,70.0,5.0,10pct_equity,equity_fraction,0.1,0.05,0.05,11703.624961,17.03624961,0.46858092,5.3047007,54,44.44444444,146.113139,-60.103012,1.94483615,7,1971,23.26761894,0.0,0,318083.409324,3080.83409324,-3063.79784364
development_70pct,1993-01-29,2016-08-12,5929,14,30.0,70.0,5.0,10pct_equity,equity_fraction,0.1,0.05,0.05,11010.796233,10.10796233,0.40998603,5.3047007,36,44.44444444,135.088735,-57.531176,1.87847694,7,1424,24.0175409,0.0,0,76963.16678,669.6316678,-659.52370548
holdout_30pct,2016-08-15,2026-09-24,2542,14,30.0,70.0,5.0,10pct_equity,equity_fraction,0.1,0.05,0.05,10629.226727,6.29226727,0.60552077,2.83160499,18,44.44444444,152.724602,-59.257009,2.06186043,4,547,21.51848938,0.0,0,41165.697236,311.65697236,-305.36470509
2010-2015,2010-01-04,2015-12-31,1510,14,30.0,70.0,5.0,10pct_equity,equity_fraction,0.1,0.05,0.05,10353.931806,3.53931806,0.58257047,1.46417609,6,66.66666667,114.128866,-51.291829,4.45017729,2,238,15.7615894,0.0,0,20453.932029,104.53932029,-101.00000223
2016-2020,2016-01-04,2020-12-31,1259,14,30.0,70.0,5.0,10pct_equity,equity_fraction,0.1,0.05,0.05,10415.030448,4.15030448,0.81807614,2.83160499,14,42.85714286,147.574845,-58.802328,1.88225769,4,399,31.6918189,0.0,0,20498.161811,104.98161811,-100.83131363
2021-2026,2021-01-04,2026-09-24,1438,14,30.0,70.0,5.0,10pct_equity,equity_fraction,0.1,0.05,0.05,10264.130389,2.64130389,0.45686402,1.9933773,6,50.0,144.682898,-56.639435,2.55445518,2,202,14.0472879,0.0,0,22024.915753,120.24915753,-117.60785364
full_history,1993-01-29,2026-09-24,8471,14,30.0,70.0,5.0,10pct_equity,equity_fraction,0.1,0.05,0.1,11651.766997,16.51766997,0.45532336,5.4358767,54,44.44444444,144.559705,-60.588864,1.90872969,7,1925,22.72458978,0.0,0,317765.484718,3077.65484718,-3061.13717721
development_70pct,1993-01-29,2016-08-12,5929,14,30.0,70.0,5.0,10pct_equity,equity_fraction,0.1,0.05,0.1,10978.155287,9.78155287,0.39732025,5.4358767,36,44.44444444,133.714297,-58.063673,1.84231261,7,1424,24.0175409,0.0,0,76886.242038,668.86242038,-659.08086751
holdout_30pct,2016-08-15,2026-09-24,2542,14,30.0,70.0,5.0,10pct_equity,equity_fraction,0.1,0.05,0.1,10613.592805,6.13592805,0.59087188,2.83926294,18,44.44444444,151.437576,-59.79078,2.02623315,4,501,19.70889064,0.0,0,41124.552091,311.24552091,-305.10959285
2010-2015,2010-01-04,2015-12-31,1510,14,30.0,70.0,5.0,10pct_equity,equity_fraction,0.1,0.05,0.1,10348.388191,3.48388191,0.57357449,1.46802735,6,66.66666667,112.978999,-51.763903,4.36516543,2,238,15.7615894,0.0,0,20433.488308,104.33488308,-100.85100118
2016-2020,2016-01-04,2020-12-31,1259,14,30.0,70.0,5.0,10pct_equity,equity_fraction,0.1,0.05,0.1,10403.562055,4.03562055,0.79582382,2.83926294,14,42.85714286,146.331549,-59.303405,1.85063002,4,399,31.6918189,0.0,0,20477.673883,104.77673883,-100.74111828
2021-2026,2021-01-04,2026-09-24,1438,14,30.0,70.0,5.0,10pct_equity,equity_fraction,0.1,0.05,0.1,10258.716883,2.58716883,0.44759824,1.87943317,6,50.0,143.498197,-57.259236,2.50611442,2,156,10.84840056,0.0,0,22002.901834,120.02901834,-117.44184951
full_history,1993-01-29,2026-09-24,8471,14,30.0,70.0,5.0,10pct_equity,equity_fraction,0.1,0.1,0.0,11981.759567,19.81759567,0.53872797,5.34530324,54,46.2962963,149.546926,-60.583227,2.12797783,7,2137,25.2272459,0.0,0,318083.409165,3080.83409165,-3061.01649598
development_70pct,1993-01-29,2016-08-12,5929,14,30.0,70.0,5.0,10pct_equity,equity_fraction,0.1,0.1,0.0,11002.928849,10.02928849,0.40693651,5.34530324,36,44.44444444,135.039313,-57.885008,1.86631141,7,1424,24.0175409,0.0,0,76963.166742,669.63166742,-659.60237893
holdout_30pct,2016-08-15,2026-09-24,2542,14,30.0,70.0,5.0,10pct_equity,equity_fraction,0.1,0.1,0.0,10889.609241,8.89609241,0.84668594,2.84086495,18,50.0,159.355968,-60.510497,2.63352603,4,713,28.04878049,0.0,0,41165.697215,311.65697215,-302.76087975
2010-2015,2010-01-04,2015-12-31,1510,14,30.0,70.0,5.0,10pct_equity,equity_fraction,0.1,0.1,0.0,10352.945094,3.52945094,0.58096956,1.46887134,6,66.66666667,114.117989,-51.763431,4.4092127,2,238,15.7615894,0.0,0,20453.932019,104.53932019,-101.00986925
2016-2020,2016-01-04,2020-12-31,1259,14,30.0,70.0,5.0,10pct_equity,equity_fraction,0.1,0.1,0.0,10411.556994,4.11556994,0.8113386,2.84086495,14,42.85714286,147.544293,-59.213596,1.86879751,4,399,31.6918189,0.0,0,20498.161801,104.98161801,-100.86604807
2021-2026,2021-01-04,2026-09-24,1438,14,30.0,70.0,5.0,10pct_equity,equity_fraction,0.1,0.1,0.0,10518.576112,5.18576112,0.88789273,1.49045556,6,66.66666667,159.869518,-60.450981,5.28922827,1,368,25.59109875,0.0,0,22024.915742,120.24915742,-115.06339631
full_history,1993-01-29,2026-09-24,8471,14,30.0,70.0,5.0,10pct_equity,equity_fraction,0.1,0.1,0.05,11639.016041,16.39016041,0.45205479,5.47638432,54,44.44444444,144.473456,-60.944897,1.89644697,7,1971,23.26761894,0.0,0,317765.484718,3077.65484718,-3061.26468677
development_70pct,1993-01-29,2016-08-12,5929,14,30.0,70.0,5.0,10pct_equity,equity_fraction,0.1,0.1,0.05,10970.31871,9.7031871,0.39427403,5.47638432,36,44.44444444,133.665444,-58.41642,1.83051881,7,1424,24.0175409,0.0,0,76886.242038,668.86242038,-659.15923328
holdout_30pct,2016-08-15,2026-09-24,2542,14,30.0,70.0,5.0,10pct_equity,equity_fraction,0.1,0.1,0.05,10609.551417,6.09551417,0.58708197,2.84851335,18,44.44444444,151.398955,-60.164022,2.01314938,4,547,21.51848938,0.0,0,41124.552091,311.24552091,-305.15000674
2010-2015,2010-01-04,2015-12-31,1510,14,30.0,70.0,5.0,10pct_equity,equity_fraction,0.1,0.1,0.05,10347.402949,3.47402949,0.57197525,1.47271794,6,66.66666667,112.968243,-52.235011,4.3253841,2,238,15.7615894,0.0,0,20433.488308,104.33488308,-100.8608536
2016-2020,2016-01-04,2020-12-31,1259,14,30.0,70.0,5.0,10pct_equity,equity_fraction,0.1,0.1,0.05,10400.095736,4.00095736,0.7890942,2.84851335,14,42.85714286,146.301226,-59.713952,1.83752565,4,399,31.6918189,0.0,0,20477.673883,104.77673883,-100.77578147
2021-2026,2021-01-04,2026-09-24,1438,14,30.0,70.0,5.0,10pct_equity,equity_fraction,0.1,0.1,0.05,10257.740178,2.57740178,0.44592607,2.01119226,6,50.0,143.484535,-57.571142,2.49229961,2,202,14.0472879,0.0,0,22002.901834,120.02901834,-117.45161656
full_history,1993-01-29,2026-09-24,8471,14,30.0,70.0,5.0,10pct_equity,equity_fraction,0.1,0.1,0.1,11587.490362,15.87490362,0.43881126,5.61052426,54,44.44444444,142.928946,-61.426811,1.86145356,7,1925,22.72458978,0.0,0,317447.877878,3074.47877878,-3058.60387516
development_70pct,1993-01-29,2016-08-12,5929,14,30.0,70.0,5.0,10pct_equity,equity_fraction,0.1,0.1,0.1,10937.826804,9.37826804,0.38162156,5.61052426,36,44.44444444,132.296696,-58.946017,1.79549633,7,1424,24.0175409,0.0,0,76809.394181,668.09394181,-658.71567377
holdout_30pct,2016-08-15,2026-09-24,2542,14,30.0,70.0,5.0,10pct_equity,equity_fraction,0.1,0.1,0.1,10593.960364,5.93960364,0.57244885,2.85616288,18,44.44444444,150.115236,-60.696153,1.97857992,4,501,19.70889064,0.0,0,41083.44807,310.8344807,-304.89487707
2010-2015,2010-01-04,2015-12-31,1510,14,30.0,70.0,5.0,10pct_equity,equity_fraction,0.1,0.1,0.1,10341.867771,3.41867771,0.56298823,1.4765653,6,66.66666667,111.820227,-52.706568,4.24312306,2,238,15.7615894,0.0,0,20413.065022,104.13065022,-100.71197251
2016-2020,2016-01-04,2020-12-31,1259,14,30.0,70.0,5.0,10pct_equity,equity_fraction,0.1,0.1,0.1,10388.654014,3.88654014,0.76686815,2.85616288,14,42.85714286,145.060478,-60.213607,1.80682348,4,399,31.6918189,0.0,0,20457.206433,104.57206433,-100.68552418
2021-2026,2021-01-04,2026-09-24,1438,14,30.0,70.0,5.0,10pct_equity,equity_fraction,0.1,0.1,0.1,10252.334873,2.52334873,0.43666957,1.89737058,6,50.0,142.301764,-58.19014,2.44546179,2,156,10.84840056,0.0,0,21980.909917,119.80909917,-117.28575044
full_history,1993-01-29,2026-09-24,8471,14,30.0,70.0,5.0,25pct_equity,equity_fraction,0.25,0.0,0.0,15922.915249,59.22915249,1.39195057,12.17349798,54,46.2962963,427.481337,-164.279937,2.24323433,7,2137,25.2272459,0.0,0,318720.212787,3087.20212787,-3027.97297538
development_70pct,1993-01-29,2016-08-12,5929,14,30.0,70.0,5.0,25pct_equity,equity_fraction,0.25,0.0,0.0,12825.189042,28.25189042,1.06288803,12.17349798,36,44.44444444,364.940757,-150.693154,1.93739794,7,1424,24.0175409,0.0,0,77117.247156,671.17247156,-642.92058114
holdout_30pct,2016-08-15,2026-09-24,2542,14,30.0,70.0,5.0,25pct_equity,equity_fraction,0.25,0.0,0.0,12415.345455,24.15345455,2.1634043,6.88542944,18,50.0,420.005186,-151.633468,2.76987126,4,713,28.04878049,0.0,0,41248.111024,312.48111024,-288.32765569
2010-2015,2010-01-04,2015-12-31,1510,14,30.0,70.0,5.0,25pct_equity,equity_fraction,0.25,0.0,0.0,10928.522125,9.28522125,1.49394418,3.58662853,6,66.66666667,294.239906,-124.21875,4.73744755,2,238,15.7615894,0.0,0,20494.880831,104.94880831,-95.66358707
2016-2020,2016-01-04,2020-12-31,1259,14,30.0,70.0,5.0,25pct_equity,equity_fraction,0.25,0.0,0.0,11096.16811,10.9616811,2.1058705,6.88542944,14,42.85714286,379.225926,-147.398431,1.92959615,4,399,31.6918189,0.0,0,20539.199162,105.39199162,-94.43031052
2021-2026,2021-01-04,2026-09-24,1438,14,30.0,70.0,5.0,25pct_equity,equity_fraction,0.25,0.0,0.0,11356.983502,13.56983502,2.24979041,3.63965338,6,66.66666667,413.825658,-149.159566,5.54876459,1,368,25.59109875,0.0,0,22069.009668,120.69009668,-107.12026166
full_history,1993-01-29,2026-09-24,8471,14,30.0,70.0,5.0,25pct_equity,equity_fraction,0.25,0.0,0.05,14817.819292,48.17819292,1.17545682,12.45847728,54,44.44444444,406.857244,-164.891819,1.97393538,7,1971,23.26761894,0.0,0,318401.651855,3084.01651855,-3035.83832562
development_70pct,1993-01-29,2016-08-12,5929,14,30.0,70.0,5.0,25pct_equity,equity_fraction,0.25,0.0,0.05,12731.009241,27.31009241,1.0312426,12.45847728,36,44.44444444,360.445764,-151.806149,1.89950548,7,1424,24.0175409,0.0,0,77040.168448,670.40168448,-643.09159207
holdout_30pct,2016-08-15,2026-09-24,2542,14,30.0,70.0,5.0,25pct_equity,equity_fraction,0.25,0.0,0.05,11639.155241,16.39155241,1.51298957,6.90459113,18,44.44444444,392.490647,-150.076993,2.09220954,4,547,21.51848938,0.0,0,41206.883526,312.06883526,-295.67728286
2010-2015,2010-01-04,2015-12-31,1510,14,30.0,70.0,5.0,25pct_equity,equity_fraction,0.25,0.0,0.05,10914.058318,9.14058318,1.47149801,3.59650144,6,66.66666667,291.210247,-125.391336,4.64482248,2,238,15.7615894,0.0,0,20474.396193,104.74396193,-95.60337875
2016-2020,2016-01-04,2020-12-31,1259,14,30.0,70.0,5.0,25pct_equity,equity_fraction,0.25,0.0,0.05,11065.908932,10.65908932,2.05002189,6.90459113,14,42.85714286,375.729232,-148.558308,1.89687759,4,399,31.6918189,0.0,0,20518.670227,105.18670227,-94.52761295
2021-2026,2021-01-04,2026-09-24,1438,14,30.0,70.0,5.0,25pct_equity,equity_fraction,0.25,0.0,0.05,10671.905995,6.71905995,1.14349455,4.86778182,6,50.0,362.667007,-138.698342,2.61478978,2,202,14.0472879,0.0,0,22046.951687,120.46951687,-113.75045692
full_history,1993-01-29,2026-09-24,8471,14,30.0,70.0,5.0,25pct_equity,equity_fraction,0.25,0.0,0.1,14655.544721,46.55544721,1.14235421,12.74834016,54,44.44444444,401.07712,-165.676872,1.93667162,7,1925,22.72458978,0.0,0,318083.409165,3080.83409165,-3034.27864444
development_70pct,1993-01-29,2016-08-12,5929,14,30.0,70.0,5.0,25pct_equity,equity_fraction,0.25,0.0,0.1,12637.569833,26.37569833,0.99962365,12.74834016,36,44.44444444,355.984725,-152.909289,1.86246227,7,1424,24.0175409,0.0,0,76963.166742,669.63166742,-643.25596909
holdout_30pct,2016-08-15,2026-09-24,2542,14,30.0,70.0,5.0,25pct_equity,equity_fraction,0.25,0.0,0.1,11596.806122,15.96806122,1.47638915,6.92375319,18,44.44444444,388.731311,-151.304437,2.05535975,4,501,19.70889064,0.0,0,41165.697215,311.65697215,-295.68891093
2010-2015,2010-01-04,2015-12-31,1510,14,30.0,70.0,5.0,25pct_equity,equity_fraction,0.25,0.0,0.1,10899.621944,8.99621944,1.44906969,3.60637558,6,66.66666667,288.187376,-126.56378,4.55402604,2,238,15.7615894,0.0,0,20453.932019,104.53932019,-95.54310075
2016-2020,2016-01-04,2020-12-31,1259,14,30.0,70.0,5.0,25pct_equity,equity_fraction,0.25,0.0,0.1,11035.74632,10.3574632,1.99422983,6.92375319,14,42.85714286,372.243465,-149.714309,1.86476898,4,399,31.6918189,0.0,0,20498.161801,104.98161801,-94.6241548
2021-2026,2021-01-04,2026-09-24,1438,14,30.0,70.0,5.0,25pct_equity,equity_fraction,0.25,0.0,0.1,10657.977447,6.57977447,1.12040117,4.59410667,6,50.0,359.549341,-140.223525,2.56411569,2,156,10.84840056,0.0,0,22024.915742,120.24915742,-113.66938295
full_history,1993-01-29,2026-09-24,8471,14,30.0,70.0,5.0,25pct_equity,equity_fraction,0.25,0.05,0.0,15704.282298,57.04282298,1.35030113,12.55309279,54,46.2962963,420.678673,-165.954639,2.18525997,7,2137,25.2272459,0.0,0,318401.651855,3084.01651855,-3026.97369557
development_70pct,1993-01-29,2016-08-12,5929,14,30.0,70.0,5.0,25pct_equity,equity_fraction,0.25,0.05,0.0,12708.084559,27.08084559,1.02350574,12.55309279,36,44.44444444,360.109216,-152.683145,1.88683153,7,1424,24.0175409,0.0,0,77040.168448,670.40168448,-643.32083889
holdout_30pct,2016-08-15,2026-09-24,2542,14,30.0,70.0,5.0,25pct_equity,equity_fraction,0.25,0.05,0.0,12357.709949,23.57709949,2.11638618,6.92696013,18,50.0,415.765023,-153.797251,2.70333195,4,713,28.04878049,0.0,0,41206.883526,312.06883526,-288.49173578
2010-2015,2010-01-04,2015-12-31,1510,14,30.0,70.0,5.0,25pct_equity,equity_fraction,0.25,0.05,0.0,10911.435884,9.11435884,1.46742564,3.60808407,6,66.66666667,291.140275,-126.562609,4.60073126,2,238,15.7615894,0.0,0,20474.396193,104.74396193,-95.62960309
2016-2020,2016-01-04,2020-12-31,1259,14,30.0,70.0,5.0,25pct_equity,equity_fraction,0.25,0.05,0.0,11056.605503,10.56605503,2.03282623,6.92696013,14,42.85714286,375.533418,-149.574375,1.88301012,4,399,31.6918189,0.0,0,20518.670227,105.18670227,-94.62064724
2021-2026,2021-01-04,2026-09-24,1438,14,30.0,70.0,5.0,25pct_equity,equity_fraction,0.25,0.05,0.0,11338.918214,13.38918214,2.22133392,3.66105721,6,66.66666667,410.484171,-151.509235,5.41860264,1,368,25.59109875,0.0,0,22046.951687,120.46951687,-107.08033473
full_history,1993-01-29,2026-09-24,8471,14,30.0,70.0,5.0,25pct_equity,equity_fraction,0.25,0.05,0.05,14615.134824,46.15134824,1.13405564,12.84255931,54,44.44444444,400.455763,-166.526783,1.92380232,7,1971,23.26761894,0.0,0,318083.409324,3080.83409324,-3034.682745
development_70pct,1993-01-29,2016-08-12,5929,14,30.0,70.0,5.0,25pct_equity,equity_fraction,0.25,0.05,0.05,12614.833458,26.14833458,0.99189604,12.84255931,36,44.44444444,355.653148,-153.780845,1.85018178,7,1424,24.0175409,0.0,0,76963.16678,669.6316678,-643.48333322
holdout_30pct,2016-08-15,2026-09-24,2542,14,30.0,70.0,5.0,25pct_equity,equity_fraction,0.25,0.05,0.05,11585.674018,15.85674018,1.46674819,6.9460979,18,44.44444444,388.479954,-152.216561,2.0417224,4,547,21.51848938,0.0,0,41165.697236,311.65697236,-295.80023218
2010-2015,2010-01-04,2015-12-31,1510,14,30.0,70.0,5.0,25pct_equity,equity_fraction,0.25,0.05,0.05,10897.005289,8.97005289,1.44500181,3.61794683,6,66.66666667,288.118193,-127.733741,4.5112308,2,238,15.7615894,0.0,0,20453.932029,104.53932029,-95.56926739
2016-2020,2016-01-04,2020-12-31,1259,14,30.0,70.0,5.0,25pct_equity,equity_fraction,0.25,0.05,0.05,11026.476425,10.26476425,1.97705873,6.9460979,14,42.85714286,372.049329,-150.727443,1.85126869,4,399,31.6918189,0.0,0,20498.161811,104.98161811,-94.71685386
2021-2026,2021-01-04,2026-09-24,1438,14,30.0,70.0,5.0,25pct_equity,equity_fraction,0.25,0.05,0.05,10655.418804,6.55418804,1.11615626,4.91175785,6,50.0,359.463026,-140.990091,2.54956233,2,202,14.0472879,0.0,0,22024.915753,120.24915753,-113.69496949
full_history,1993-01-29,2026-09-24,8471,14,30.0,70.0,5.0,25pct_equity,equity_fraction,0.25,0.05,0.1,14455.197539,44.55197539,1.10099102,13.14500243,54,44.44444444,394.74782,-167.291672,1.88771057,7,1925,22.72458978,0.0,0,317765.484718,3077.65484718,-3033.10287179
development_70pct,1993-01-29,2016-08-12,5929,14,30.0,70.0,5.0,25pct_equity,equity_fraction,0.25,0.05,0.1,12522.314962,25.22314962,0.96031278,13.14500243,36,44.44444444,351.230691,-154.868805,1.81433926,7,1424,24.0175409,0.0,0,76886.242038,668.86242038,-643.63927076
holdout_30pct,2016-08-15,2026-09-24,2542,14,30.0,70.0,5.0,25pct_equity,equity_fraction,0.25,0.05,0.1,11543.55052,15.4355052,1.43019141,6.96523605,18,44.44444444,384.738828,-153.436011,2.00598974,4,501,19.70889064,0.0,0,41124.552091,311.24552091,-295.81001571
2010-2015,2010-01-04,2015-12-31,1510,14,30.0,70.0,5.0,25pct_equity,equity_fraction,0.25,0.05,0.1,10882.602052,8.82602052,1.42259582,3.62781082,6,66.66666667,285.102879,-128.904732,4.42346645,2,238,15.7615894,0.0,0,20433.488308,104.33488308,-95.50886256
2016-2020,2016-01-04,2020-12-31,1259,14,30.0,70.0,5.0,25pct_equity,equity_fraction,0.25,0.05,0.1,10996.443442,9.96443442,1.9213477,6.96523605,14,42.85714286,368.576119,-151.876659,1.8201091,4,399,31.6918189,0.0,0,20477.673883,104.77673883,-94.81230441
2021-2026,2021-01-04,2026-09-24,1438,14,30.0,70.0,5.0,25pct_equity,equity_fraction,0.25,0.05,0.1,10641.522016,6.41522016,1.09308613,4.63841052,6,50.0,356.353287,-142.512615,2.50050346,2,156,10.84840056,0.0,0,22002.901834,120.02901834,-113.61379817
full_history,1993-01-29,2026-09-24,8471,14,30.0,70.0,5.0,25pct_equity,equity_fraction,0.25,0.1,0.0,15488.810136,54.88810136,1.30869968,12.9366884,54,46.2962963,413.967706,-167.599397,2.12929592,7,2137,25.2272459,0.0,0,318083.409165,3080.83409165,-3025.9459903
development_70pct,1993-01-29,2016-08-12,5929,14,30.0,70.0,5.0,25pct_equity,equity_fraction,0.25,0.1,0.0,12592.135151,25.92135151,0.98416804,12.9366884,36,44.44444444,355.322009,-154.65085,1.83806043,7,1424,24.0175409,0.0,0,76963.166742,669.63166742,-643.71031591
holdout_30pct,2016-08-15,2026-09-24,2542,14,30.0,70.0,5.0,25pct_equity,equity_fraction,0.25,0.1,0.0,12300.384287,23.00384287,2.06942441,6.96843997,18,50.0,411.547937,-155.949683,2.638979,4,713,28.04878049,0.0,0,41165.697215,311.65697215,-288.65312928
2010-2015,2010-01-04,2015-12-31,1510,14,30.0,70.0,5.0,25pct_equity,equity_fraction,0.25,0.1,0.0,10894.388932,8.94388932,1.44093358,3.6295181,6,66.66666667,288.049015,-128.903563,4.46921726,2,238,15.7615894,0.0,0,20453.932019,104.53932019,-95.59543086
2016-2020,2016-01-04,2020-12-31,1259,14,30.0,70.0,5.0,25pct_equity,equity_fraction,0.25,0.1,0.0,11017.213166,10.17213166,1.95988839,6.96843997,14,42.85714286,371.8553,-151.73983,1.83795827,4,399,31.6918189,0.0,0,20498.161801,104.98161801,-94.80948635
2021-2026,2021-01-04,2026-09-24,1438,14,30.0,70.0,5.0,25pct_equity,equity_fraction,0.25,0.1,0.0,11320.894859,13.20894859,2.19290618,3.68243957,6,66.66666667,407.151041,-153.854653,5.29267114,1,368,25.59109875,0.0,0,22024.915742,120.24915742,-107.04020883
full_history,1993-01-29,2026-09-24,8471,14,30.0,70.0,5.0,25pct_equity,equity_fraction,0.25,0.1,0.05,14415.370193,44.15370193,1.09270212,13.23872224,54,44.44444444,394.138016,-168.131407,1.87538081,7,1971,23.26761894,0.0,0,317765.484718,3077.65484718,-3033.50114525
development_70pct,1993-01-29,2016-08-12,5929,14,30.0,70.0,5.0,25pct_equity,equity_fraction,0.25,0.1,0.05,12499.802982,24.99802982,0.95259402,13.23872224,36,44.44444444,350.904461,-155.73342,1.80259041,7,1424,24.0175409,0.0,0,76886.242038,668.86242038,-643.86439055
holdout_30pct,2016-08-15,2026-09-24,2542,14,30.0,70.0,5.0,25pct_equity,equity_fraction,0.25,0.1,0.05,11532.477923,15.32477923,1.42056214,6.98755387,18,44.44444444,384.490161,-154.344337,1.99289547,4,547,21.51848938,0.0,0,41124.552091,311.24552091,-295.92074168
2010-2015,2010-01-04,2015-12-31,1510,14,30.0,70.0,5.0,25pct_equity,equity_fraction,0.25,0.1,0.05,10879.99146,8.7999146,1.41853208,3.63937072,6,66.66666667,285.034487,-130.073244,4.38267669,2,238,15.7615894,0.0,0,20433.488308,104.33488308,-95.53496849
2016-2020,2016-01-04,2020-12-31,1259,14,30.0,70.0,5.0,25pct_equity,equity_fraction,0.25,0.1,0.05,10987.213554,9.87213554,1.90420186,6.98755387,14,42.85714286,368.383759,-152.886125,1.80714777,4,399,31.6918189,0.0,0,20477.673883,104.77673883,-94.90460329
2021-2026,2021-01-04,2026-09-24,1438,14,30.0,70.0,5.0,25pct_equity,equity_fraction,0.25,0.1,0.05,10638.969255,6.38969255,1.08884558,4.95567975,6,50.0,356.267802,-143.278051,2.48654836,2,202,14.0472879,0.0,0,22002.901834,120.02901834,-113.63932578
full_history,1993-01-29,2026-09-24,8471,14,30.0,70.0,5.0,25pct_equity,equity_fraction,0.25,0.1,0.1,14257.734949,42.57734949,1.05967545,13.5471667,54,44.44444444,388.50123,-168.876485,1.84040414,7,1925,22.72458978,0.0,0,317447.877878,3074.47877878,-3031.90142929
development_70pct,1993-01-29,2016-08-12,5929,14,30.0,70.0,5.0,25pct_equity,equity_fraction,0.25,0.1,0.1,12408.195715,24.08195715,0.92104641,13.5471667,36,44.44444444,346.520186,-156.806363,1.76788839,7,1424,24.0175409,0.0,0,76809.394181,668.09394181,-644.01198466
holdout_30pct,2016-08-15,2026-09-24,2542,14,30.0,70.0,5.0,25pct_equity,equity_fraction,0.25,0.1,0.1,11490.578709,14.90578709,1.38404895,7.00666814,18,44.44444444,380.767137,-155.555839,1.95822742,4,501,19.70889064,0.0,0,41083.44807,310.8344807,-295.92869362
2010-2015,2010-01-04,2015-12-31,1510,14,30.0,70.0,5.0,25pct_equity,equity_fraction,0.25,0.1,0.1,10865.62127,8.6562127,1.39614838,3.64922456,6,66.66666667,282.02671,-131.242784,4.29778615,2,238,15.7615894,0.0,0,20413.065022,104.13065022,-95.47443751
2016-2020,2016-01-04,2020-12-31,1259,14,30.0,70.0,5.0,25pct_equity,equity_fraction,0.25,0.1,0.1,10957.30957,9.5730957,1.84857171,7.00666814,14,42.85714286,364.923051,-154.028592,1.77689275,4,399,31.6918189,0.0,0,20457.206433,104.57206433,-94.99896863
2021-2026,2021-01-04,2026-09-24,1438,14,30.0,70.0,5.0,25pct_equity,equity_fraction,0.25,0.1,0.1,10625.104142,6.25104142,1.06579868,4.68265978,6,50.0,353.165968,-144.797921,2.43902651,2,156,10.84840056,0.0,0,21980.909917,119.80909917,-113.55805775
full_history,1993-01-29,2026-09-24,8471,14,30.0,70.0,5.0,50pct_equity,equity_fraction,0.5,0.0,0.0,24211.960007,142.11960007,2.66257817,23.16464524,54,46.2962963,1022.200223,-391.139502,2.25292277,7,2137,25.2272459,0.0,0,318720.212787,3087.20212787,-2945.0825278
development_70pct,1993-01-29,2016-08-12,5929,14,30.0,70.0,5.0,50pct_equity,equity_fraction,0.5,0.0,0.0,16012.011714,60.12011714,2.02040612,23.16464524,36,44.44444444,796.98376,-336.986422,1.89202581,7,1424,24.0175409,0.0,0,77117.247156,671.17247156,-611.05235442
holdout_30pct,2016-08-15,2026-09-24,2542,14,30.0,70.0,5.0,50pct_equity,equity_fraction,0.5,0.0,0.0,15121.123091,51.21123091,4.17566258,13.34587106,18,50.0,888.448666,-319.43499,2.78131293,4,713,28.04878049,0.0,0,41248.111024,312.48111024,-261.26987932
2010-2015,2010-01-04,2015-12-31,1510,14,30.0,70.0,5.0,50pct_equity,equity_fraction,0.5,0.0,0.0,11901.408324,19.01408324,2.94983415,7.03452827,6,66.66666667,598.789581,-246.875,4.85095357,2,238,15.7615894,0.0,0,20494.880831,104.94880831,-85.93472508
2016-2020,2016-01-04,2020-12-31,1259,14,30.0,70.0,5.0,50pct_equity,equity_fraction,0.5,0.0,0.0,12158.720817,21.58720817,3.99389497,13.34587106,14,42.85714286,770.06834,-307.711153,1.87692662,4,399,31.6918189,0.0,0,20539.199162,105.39199162,-83.80478345
2021-2026,2021-01-04,2026-09-24,1438,14,30.0,70.0,5.0,50pct_equity,equity_fraction,0.5,0.0,0.0,12801.518612,28.01518612,4.41287969,7.13720986,6,66.66666667,854.100562,-307.441817,5.5561769,1,368,25.59109875,0.0,0,22069.009668,120.69009668,-92.67491056
full_history,1993-01-29,2026-09-24,8471,14,30.0,70.0,5.0,50pct_equity,equity_fraction,0.5,0.0,0.05,21017.563337,110.17563337,2.23183046,23.66512885,54,44.44444444,947.087462,-390.417859,1.94066422,7,1971,23.26761894,0.0,0,318401.651855,3084.01651855,-2973.84088518
development_70pct,1993-01-29,2016-08-12,5929,14,30.0,70.0,5.0,50pct_equity,equity_fraction,0.5,0.0,0.05,15780.670431,57.80670431,1.95733795,23.66512885,36,44.44444444,784.137795,-338.276715,1.85442926,7,1424,24.0175409,0.0,0,77040.168448,670.40168448,-612.59498018
holdout_30pct,2016-08-15,2026-09-24,2542,14,30.0,70.0,5.0,50pct_equity,equity_fraction,0.5,0.0,0.05,13318.549062,33.18549062,2.87563702,13.38404858,18,44.44444444,806.674724,-313.484873,2.05859942,4,547,21.51848938,0.0,0,41206.883526,312.06883526,-278.88334464
2010-2015,2010-01-04,2015-12-31,1510,14,30.0,70.0,5.0,50pct_equity,equity_fraction,0.5,0.0,0.05,11870.552763,18.70552763,2.90520982,7.05498514,6,66.66666667,592.233362,-249.190343,4.75326094,2,238,15.7615894,0.0,0,20474.396193,104.74396193,-86.0384343
2016-2020,2016-01-04,2020-12-31,1259,14,30.0,70.0,5.0,50pct_equity,equity_fraction,0.5,0.0,0.05,12093.484946,20.93484946,3.88186258,13.38404858,14,42.85714286,761.816348,-309.676643,1.84502859,4,399,31.6918189,0.0,0,20518.670227,105.18670227,-84.25185281
2021-2026,2021-01-04,2026-09-24,1438,14,30.0,70.0,5.0,50pct_equity,equity_fraction,0.5,0.0,0.05,11327.561118,13.27561118,2.20342504,9.50545,6,50.0,717.97221,-275.451837,2.6065254,2,202,14.0472879,0.0,0,22046.951687,120.46951687,-107.19390569
full_history,1993-01-29,2026-09-24,8471,14,30.0,70.0,5.0,50pct_equity,equity_fraction,0.5,0.0,0.1,20565.826553,105.65826553,2.16584297,24.17255294,54,44.44444444,927.663702,-389.936743,1.9032086,7,1925,22.72458978,0.0,0,318083.409165,3080.83409165,-2975.17582613
development_70pct,1993-01-29,2016-08-12,5929,14,30.0,70.0,5.0,50pct_equity,equity_fraction,0.5,0.0,0.1,15552.738943,55.52738943,1.89432752,24.17255294,36,44.44444444,771.465038,-339.535083,1.81769738,7,1424,24.0175409,0.0,0,76963.166742,669.63166742,-614.10427799
holdout_30pct,2016-08-15,2026-09-24,2542,14,30.0,70.0,5.0,50pct_equity,equity_fraction,0.5,0.0,0.1,13223.28281,32.2328281,2.80260271,13.42221959,18,44.44444444,797.32646,-315.532887,2.02153625,4,501,19.70889064,0.0,0,41165.697215,311.65697215,-279.42414405
2010-2015,2010-01-04,2015-12-31,1510,14,30.0,70.0,5.0,50pct_equity,equity_fraction,0.5,0.0,0.1,11839.787585,18.39787585,2.86061992,7.075443,6,66.66666667,585.699457,-251.505122,4.65755491,2,238,15.7615894,0.0,0,20453.932019,104.53932019,-86.14144433
2016-2020,2016-01-04,2020-12-31,1259,14,30.0,70.0,5.0,50pct_equity,equity_fraction,0.5,0.0,0.1,12028.614998,20.28614998,3.76997837,13.42221959,14,42.85714286,753.606651,-311.628114,1.8137163,4,399,31.6918189,0.0,0,20498.161801,104.98161801,-84.69546803
2021-2026,2021-01-04,2026-09-24,1438,14,30.0,70.0,5.0,50pct_equity,equity_fraction,0.5,0.0,0.1,11298.488544,12.98488544,2.1575132,8.99436368,6,50.0,711.244236,-278.414722,2.55462151,2,156,10.84840056,0.0,0,22024.915742,120.24915742,-107.26427199
full_history,1993-01-29,2026-09-24,8471,14,30.0,70.0,5.0,50pct_equity,equity_fraction,0.5,0.05,0.0,23557.773542,135.57773542,2.57904781,23.83218912,54,46.2962963,997.267957,-392.204324,2.19200479,7,2137,25.2272459,0.0,0,318401.651855,3084.01651855,-2948.43878313
development_70pct,1993-01-29,2016-08-12,5929,14,30.0,70.0,5.0,50pct_equity,equity_fraction,0.5,0.05,0.0,15723.151951,57.23151951,1.94151989,23.83218912,36,44.44444444,782.632295,-339.948239,1.84176814,7,1424,24.0175409,0.0,0,77040.168448,670.40168448,-613.17016497
holdout_30pct,2016-08-15,2026-09-24,2542,14,30.0,70.0,5.0,50pct_equity,equity_fraction,0.5,0.05,0.0,14982.856882,49.82856882,4.08103392,13.42620906,18,50.0,876.950418,-323.299653,2.71250033,4,713,28.04878049,0.0,0,41206.883526,312.06883526,-262.24026644
2010-2015,2010-01-04,2015-12-31,1510,14,30.0,70.0,5.0,50pct_equity,equity_fraction,0.5,0.05,0.0,11864.774749,18.64774749,2.89684273,7.07760847,6,66.66666667,591.945092,-251.502809,4.70726427,2,238,15.7615894,0.0,0,20474.396193,104.74396193,-86.09621444
2016-2020,2016-01-04,2020-12-31,1259,14,30.0,70.0,5.0,50pct_equity,equity_fraction,0.5,0.05,0.0,12072.894636,20.72894636,3.84640161,13.42620906,14,42.85714286,761.01253,-311.647568,1.8314258,4,399,31.6918189,0.0,0,20518.670227,105.18670227,-84.45775591
2021-2026,2021-01-04,2026-09-24,1438,14,30.0,70.0,5.0,50pct_equity,equity_fraction,0.5,0.05,0.0,12761.698078,27.61698078,4.35601934,7.18019073,6,66.66666667,846.486026,-312.123013,5.42405393,1,368,25.59109875,0.0,0,22046.951687,120.46951687,-92.85253609
full_history,1993-01-29,2026-09-24,8471,14,30.0,70.0,5.0,50pct_equity,equity_fraction,0.5,0.05,0.05,20451.086912,104.51086912,2.14885842,24.33837703,54,44.44444444,924.630581,-391.334901,1.89020827,7,1971,23.26761894,0.0,0,318083.409324,3080.83409324,-2976.32322412
development_70pct,1993-01-29,2016-08-12,5929,14,30.0,70.0,5.0,50pct_equity,equity_fraction,0.5,0.05,0.05,15496.09417,54.9609417,1.87853123,24.33837703,36,44.44444444,769.989969,-341.187266,1.80543659,7,1424,24.0175409,0.0,0,76963.16678,669.6316678,-614.6707261
holdout_30pct,2016-08-15,2026-09-24,2542,14,30.0,70.0,5.0,50pct_equity,equity_fraction,0.5,0.05,0.05,13197.575265,31.97575265,2.78281322,13.46432959,18,44.44444444,796.272785,-317.260702,2.00786995,4,547,21.51848938,0.0,0,41165.697236,311.65697236,-279.68121971
2010-2015,2010-01-04,2015-12-31,1510,14,30.0,70.0,5.0,50pct_equity,equity_fraction,0.5,0.05,0.05,11834.028921,18.34028921,2.8522628,7.09804423,6,66.66666667,585.414586,-253.814711,4.61292872,2,238,15.7615894,0.0,0,20453.932029,104.53932029,-86.19903108
2016-2020,2016-01-04,2020-12-31,1259,14,30.0,70.0,5.0,50pct_equity,equity_fraction,0.5,0.05,0.05,12008.150649,20.08150649,3.73458245,13.46432959,14,42.85714286,752.811211,-313.589577,1.80046931,4,399,31.6918189,0.0,0,20498.161811,104.98161811,-84.90011162
2021-2026,2021-01-04,2026-09-24,1438,14,30.0,70.0,5.0,50pct_equity,equity_fraction,0.5,0.05,0.05,11292.993158,12.92993158,2.14882385,9.59135439,6,50.0,710.898302,-279.900583,2.5398243,2,202,14.0472879,0.0,0,22024.915753,120.24915753,-107.31922596
full_history,1993-01-29,2026-09-24,8471,14,30.0,70.0,5.0,50pct_equity,equity_fraction,0.5,0.05,0.1,20011.737496,100.11737496,2.08295661,24.86541752,54,44.44444444,905.659215,-390.802789,1.85394627,7,1925,22.72458978,0.0,0,317765.484718,3077.65484718,-2977.53747222
development_70pct,1993-01-29,2016-08-12,5929,14,30.0,70.0,5.0,50pct_equity,equity_fraction,0.5,0.05,0.1,15272.381511,52.72381511,1.81560024,24.86541752,36,44.44444444,757.517732,-342.39511,1.76992652,7,1424,24.0175409,0.0,0,76886.242038,668.86242038,-616.13860526
holdout_30pct,2016-08-15,2026-09-24,2542,14,30.0,70.0,5.0,50pct_equity,equity_fraction,0.5,0.05,0.1,13103.220006,31.03220006,2.70988023,13.50244362,18,44.44444444,787.003768,-319.281014,1.97194004,4,501,19.70889064,0.0,0,41124.552091,311.24552091,-280.21332085
2010-2015,2010-01-04,2015-12-31,1510,14,30.0,70.0,5.0,50pct_equity,equity_fraction,0.5,0.05,0.1,11803.373123,18.03373123,2.80771725,7.11848098,6,66.66666667,578.906306,-256.126051,4.52047969,2,238,15.7615894,0.0,0,20433.488308,104.33488308,-86.30115186
2016-2020,2016-01-04,2020-12-31,1259,14,30.0,70.0,5.0,50pct_equity,equity_fraction,0.5,0.05,0.1,11943.769671,19.43769671,3.62291116,13.50244362,14,42.85714286,744.651891,-315.517709,1.77007154,4,399,31.6918189,0.0,0,20477.673883,104.77673883,-85.33904212
2021-2026,2021-01-04,2026-09-24,1438,14,30.0,70.0,5.0,50pct_equity,equity_fraction,0.5,0.05,0.1,11264.023332,12.64023332,2.10295878,9.08099907,6,50.0,704.197164,-282.856054,2.48959552,2,156,10.84840056,0.0,0,22002.901834,120.02901834,-107.38878501
full_history,1993-01-29,2026-09-24,8471,14,30.0,70.0,5.0,50pct_equity,equity_fraction,0.5,0.1,0.0,22921.570812,129.21570812,2.49562637,24.50387937,54,46.2962963,972.954138,-393.18216,2.13324421,7,2137,25.2272459,0.0,0,318083.409165,3080.83409165,-2951.61838353
development_70pct,1993-01-29,2016-08-12,5929,14,30.0,70.0,5.0,50pct_equity,equity_fraction,0.5,0.1,0.0,15439.641716,54.39641716,1.86273346,24.50387937,36,44.44444444,768.518903,-342.833036,1.79333686,7,1424,24.0175409,0.0,0,76963.166742,669.63166742,-615.23525026
holdout_30pct,2016-08-15,2026-09-24,2542,14,30.0,70.0,5.0,50pct_equity,equity_fraction,0.5,0.1,0.0,14845.92145,48.4592145,3.98653729,13.50642942,18,50.0,865.560601,-327.124885,2.6459638,4,713,28.04878049,0.0,0,41165.697215,311.65697215,-263.19775766
2010-2015,2010-01-04,2015-12-31,1510,14,30.0,70.0,5.0,50pct_equity,equity_fraction,0.5,0.1,0.0,11828.271621,18.28271621,2.84390428,7.12064551,6,66.66666667,585.129777,-256.123743,4.5691178,2,238,15.7615894,0.0,0,20453.932019,104.53932019,-86.25660397
2016-2020,2016-01-04,2020-12-31,1259,14,30.0,70.0,5.0,50pct_equity,equity_fraction,0.5,0.1,0.0,11987.716065,19.87716065,3.69918985,13.50642942,14,42.85714286,752.016686,-315.548006,1.78740636,4,399,31.6918189,0.0,0,20498.161801,104.98161801,-85.10445736
2021-2026,2021-01-04,2026-09-24,1438,14,30.0,70.0,5.0,50pct_equity,equity_fraction,0.5,0.1,0.0,12722.020387,27.22020387,4.29921716,7.22312853,6,66.66666667,838.901002,-316.79181,5.2962291,1,368,25.59109875,0.0,0,22024.915742,120.24915742,-93.02895355
full_history,1993-01-29,2026-09-24,8471,14,30.0,70.0,5.0,50pct_equity,equity_fraction,0.5,0.1,0.05,19900.146054,99.00146054,2.0659945,25.02964252,54,44.44444444,902.712862,-392.165421,1.84149405,7,1971,23.26761894,0.0,0,317765.484718,3077.65484718,-2978.65338664
development_70pct,1993-01-29,2016-08-12,5929,14,30.0,70.0,5.0,50pct_equity,equity_fraction,0.5,0.1,0.05,15216.786182,52.16786182,1.79982421,25.02964252,36,44.44444444,756.076477,-344.021872,1.7582056,7,1424,24.0175409,0.0,0,76886.242038,668.86242038,-616.69455856
holdout_30pct,2016-08-15,2026-09-24,2542,14,30.0,70.0,5.0,50pct_equity,equity_fraction,0.5,0.1,0.05,13077.758875,30.77758875,2.69011868,13.54449306,18,44.44444444,785.964669,-320.995848,1.95881579,4,547,21.51848938,0.0,0,41124.552091,311.24552091,-280.46793216
2010-2015,2010-01-04,2015-12-31,1510,14,30.0,70.0,5.0,50pct_equity,equity_fraction,0.5,0.1,0.05,11797.635097,17.97635097,2.79936869,7.14106018,6,66.66666667,578.62488,-258.432211,4.47796253,2,238,15.7615894,0.0,0,20433.488308,104.33488308,-86.35853212
2016-2020,2016-01-04,2020-12-31,1259,14,30.0,70.0,5.0,50pct_equity,equity_fraction,0.5,0.1,0.05,11923.460045,19.23460045,3.58758347,13.54449306,14,42.85714286,743.865671,-317.466747,1.75734705,4,399,31.6918189,0.0,0,20477.673883,104.77673883,-85.54213838
2021-2026,2021-01-04,2026-09-24,1438,14,30.0,70.0,5.0,50pct_equity,equity_fraction,0.5,0.1,0.05,11258.547503,12.58547503,2.0942785,9.67713213,6,50.0,703.85483,-284.338996,2.47540732,2,202,14.0472879,0.0,0,22002.901834,120.02901834,-107.44354331
full_history,1993-01-29,2026-09-24,8471,14,30.0,70.0,5.0,50pct_equity,equity_fraction,0.5,0.1,0.1,19472.838684,94.72838684,2.00017825,25.56469949,54,44.44444444,884.182266,-391.584523,1.80636816,7,1925,22.72458978,0.0,0,317447.877878,3074.47877878,-2979.75039195
development_70pct,1993-01-29,2016-08-12,5929,14,30.0,70.0,5.0,50pct_equity,equity_fraction,0.5,0.1,0.1,14997.212349,49.97212349,1.73697255,25.56469949,36,44.44444444,743.801083,-345.180249,1.72385549,7,1424,24.0175409,0.0,0,76809.394181,668.09394181,-618.12181832
holdout_30pct,2016-08-15,2026-09-24,2542,14,30.0,70.0,5.0,50pct_equity,equity_fraction,0.5,0.1,0.1,12984.305503,29.84305503,2.61728687,13.58255021,18,44.44444444,776.774112,-322.988739,1.92396581,4,501,19.70889064,0.0,0,41083.44807,310.8344807,-280.99142567
2010-2015,2010-01-04,2015-12-31,1510,14,30.0,70.0,5.0,50pct_equity,equity_fraction,0.5,0.1,0.1,11767.088252,17.67088252,2.75486745,7.16147584,6,66.66666667,572.142122,-260.740117,4.38860063,2,238,15.7615894,0.0,0,20413.065022,104.13065022,-86.4597677
2016-2020,2016-01-04,2020-12-31,1259,14,30.0,70.0,5.0,50pct_equity,equity_fraction,0.5,0.1,0.1,11859.564145,18.59564145,3.47612464,13.58255021,14,42.85714286,735.756359,-319.371751,1.72782116,4,399,31.6918189,0.0,0,20457.206433,104.57206433,-85.97642288
2021-2026,2021-01-04,2026-09-24,1438,14,30.0,70.0,5.0,50pct_equity,equity_fraction,0.5,0.1,0.1,11229.680027,12.29680027,2.04846014,9.16750664,6,50.0,697.180416,-287.287074,2.42677266,2,156,10.84840056,0.0,0,21980.909917,119.80909917,-107.51229889
