period,start_date,end_date,trading_days,fast_ma_days,slow_ma_days,position_sizing,position_sizing_mode,position_sizing_amount,transaction_cost_pct_per_side,slippage_pct_per_side,final_portfolio_value,total_return_pct,annualized_return_pct,max_drawdown_pct,completed_trades,win_rate_pct,average_winning_trade_usd,average_losing_trade_usd,profit_factor,largest_losing_streak,exposure_days,exposure_pct,open_shares_at_end,signals_skipped_missing_open,buy_hold_final_value,buy_hold_return_pct,excess_return_vs_buy_hold_pp
full_history,1993-01-29,2026-09-24,8471,50,200,fixed_10_shares,fixed_shares,10.0,0.0,0.0,15911.397232,59.11397232,1.38977028,8.21514222,14,78.57142857,428.463522,-127.494611,12.32234765,1,6264,73.94640538,10.0,0,318720.212787,3087.20212787,-3028.08815555
development_70pct,1993-01-29,2016-08-12,5929,50,200,fixed_10_shares,fixed_shares,10.0,0.0,0.0,11561.308833,15.61308833,0.61835463,3.09486625,10,80.0,201.520437,-65.478263,12.31067704,1,4124,69.55641761,10.0,0,77117.247156,671.17247156,-655.55938322
holdout_30pct,2016-08-15,2026-09-24,2542,50,200,fixed_10_shares,fixed_shares,10.0,0.0,0.0,13841.829971,38.41829971,3.26860033,9.8256448,3,66.66666667,1256.287478,-251.527306,9.98927313,1,1553,61.09362707,10.0,0,41248.111024,312.48111024,-274.06281053
2010-2015,2010-01-04,2015-12-31,1510,50,200,fixed_10_shares,fixed_shares,10.0,0.0,0.0,10590.351492,5.90351492,0.96254088,1.95753754,2,100.0,296.583193,,inf,0,1138,75.36423841,10.0,0,20494.880831,104.94880831,-99.0452934
2016-2020,2016-01-04,2020-12-31,1259,50,200,fixed_10_shares,fixed_shares,10.0,0.0,0.0,10902.681676,9.02681676,1.74663363,9.30694362,2,50.0,588.360291,-251.527306,2.33915077,1,1048,83.2406672,10.0,0,20539.199162,105.39199162,-96.36517486
2021-2026,2021-01-04,2026-09-24,1438,50,200,fixed_10_shares,fixed_shares,10.0,0.0,0.0,12920.916699,29.20916699,4.58249958,9.2707271,1,100.0,1340.134379,,inf,0,869,60.43115438,10.0,0,22069.009668,120.69009668,-91.48092969
full_history,1993-01-29,2026-09-24,8471,50,200,fixed_10_shares,fixed_shares,10.0,0.0,0.05,15883.010745,58.83010745,1.38439035,8.22008754,14,78.57142857,426.941842,-129.083476,12.12745014,1,6264,73.94640538,10.0,0,318401.651855,3084.01651855,-3025.18641109
development_70pct,1993-01-29,2016-08-12,5929,50,200,fixed_10_shares,fixed_shares,10.0,0.0,0.05,11550.455337,15.50455337,0.61433923,3.12499406,10,80.0,200.687375,-66.664657,12.04160551,1,4124,69.55641761,10.0,0,77040.168448,670.40168448,-654.89713111
holdout_30pct,2016-08-15,2026-09-24,2542,50,200,fixed_10_shares,fixed_shares,10.0,0.0,0.05,13824.551109,38.24551109,3.25583998,9.82333556,3,66.66666667,1252.285656,-253.921115,9.86358033,1,1553,61.09362707,10.0,0,41206.883526,312.06883526,-273.82332417
2010-2015,2010-01-04,2015-12-31,1510,50,200,fixed_10_shares,fixed_shares,10.0,0.0,0.05,10586.435745,5.86435745,0.95630536,1.9569739,2,100.0,295.483266,,inf,0,1138,75.36423841,10.0,0,20474.396193,104.74396193,-98.87960448
2016-2020,2016-01-04,2020-12-31,1259,50,200,fixed_10_shares,fixed_shares,10.0,0.0,0.05,10895.037418,8.95037418,1.73233655,9.30635526,2,50.0,586.289951,-253.921115,2.30894525,1,1048,83.2406672,10.0,0,20518.670227,105.18670227,-96.23632809
2021-2026,2021-01-04,2026-09-24,1438,50,200,fixed_10_shares,fixed_shares,10.0,0.0,0.05,12909.515051,29.09515051,4.5663581,9.2698502,1,100.0,1335.61414,,inf,0,869,60.43115438,10.0,0,22046.951687,120.46951687,-91.37436636
full_history,1993-01-29,2026-09-24,8471,50,200,fixed_10_shares,fixed_shares,10.0,0.0,0.1,15854.624258,58.54624258,1.37900108,8.22504377,14,78.57142857,425.420162,-130.672342,11.9372922,1,6264,73.94640538,10.0,0,318083.409165,3080.83409165,-3022.28784907
development_70pct,1993-01-29,2016-08-12,5929,50,200,fixed_10_shares,fixed_shares,10.0,0.0,0.1,11539.601841,15.39601841,0.61032022,3.15516012,10,80.0,199.854313,-67.851051,11.78194355,1,4124,69.55641761,10.0,0,76963.166742,669.63166742,-654.23564901
holdout_30pct,2016-08-15,2026-09-24,2542,50,200,fixed_10_shares,fixed_shares,10.0,0.0,0.1,13807.272248,38.07272248,3.24306524,9.82102509,3,66.66666667,1248.283834,-256.314924,9.7402353,1,1553,61.09362707,10.0,0,41165.697215,311.65697215,-273.58424968
2010-2015,2010-01-04,2015-12-31,1510,50,200,fixed_10_shares,fixed_shares,10.0,0.0,0.1,10582.519999,5.82519999,0.95006791,1.95641002,2,100.0,294.383338,,inf,0,1138,75.36423841,10.0,0,20453.932019,104.53932019,-98.7141202
2016-2020,2016-01-04,2020-12-31,1259,50,200,fixed_10_shares,fixed_shares,10.0,0.0,0.1,10887.39316,8.8739316,1.71803144,9.30576638,2,50.0,584.219611,-256.314924,2.27930392,1,1048,83.2406672,10.0,0,20498.161801,104.98161801,-96.10768641
2021-2026,2021-01-04,2026-09-24,1438,50,200,fixed_10_shares,fixed_shares,10.0,0.0,0.1,12898.113404,28.98113404,4.55020486,9.26897258,1,100.0,1331.093901,,inf,0,869,60.43115438,10.0,0,22024.915742,120.24915742,-91.26802339
full_history,1993-01-29,2026-09-24,8471,50,200,fixed_10_shares,fixed_shares,10.0,0.05,0.0,15883.010745,58.83010745,1.38439035,8.22008754,14,78.57142857,426.941842,-129.083476,12.12745014,1,6264,73.94640538,10.0,0,318401.651855,3084.01651855,-3025.18641109
development_70pct,1993-01-29,2016-08-12,5929,50,200,fixed_10_shares,fixed_shares,10.0,0.05,0.0,11550.455337,15.50455337,0.61433923,3.12499406,10,80.0,200.687375,-66.664657,12.04160551,1,4124,69.55641761,10.0,0,77040.168448,670.40168448,-654.89713111
holdout_30pct,2016-08-15,2026-09-24,2542,50,200,fixed_10_shares,fixed_shares,10.0,0.05,0.0,13824.551109,38.24551109,3.25583998,9.82333556,3,66.66666667,1252.285656,-253.921115,9.86358033,1,1553,61.09362707,10.0,0,41206.883526,312.06883526,-273.82332417
2010-2015,2010-01-04,2015-12-31,1510,50,200,fixed_10_shares,fixed_shares,10.0,0.05,0.0,10586.435745,5.86435745,0.95630536,1.9569739,2,100.0,295.483266,,inf,0,1138,75.36423841,10.0,0,20474.396193,104.74396193,-98.87960448
2016-2020,2016-01-04,2020-12-31,1259,50,200,fixed_10_shares,fixed_shares,10.0,0.05,0.0,10895.037418,8.95037418,1.73233655,9.30635526,2,50.0,586.289951,-253.921115,2.30894525,1,1048,83.2406672,10.0,0,20518.670227,105.18670227,-96.23632809
2021-2026,2021-01-04,2026-09-24,1438,50,200,fixed_10_shares,fixed_shares,10.0,0.05,0.0,12909.515051,29.09515051,4.5663581,9.2698502,1,100.0,1335.61414,,inf,0,869,60.43115438,10.0,0,22046.951687,120.46951687,-91.37436636
full_history,1993-01-29,2026-09-24,8471,50,200,fixed_10_shares,fixed_shares,10.0,0.05,0.05,15854.625736,58.54625736,1.37900136,8.2250454,14,78.57142857,425.420269,-130.672374,11.93729229,1,6264,73.94640538,10.0,0,318083.409324,3080.83409324,-3022.28783588
development_70pct,1993-01-29,2016-08-12,5929,50,200,fixed_10_shares,fixed_shares,10.0,0.05,0.05,11539.602232,15.39602232,0.61032036,3.15516078,10,80.0,199.854363,-67.851067,11.78194368,1,4124,69.55641761,10.0,0,76963.16678,669.6316678,-654.23564549
holdout_30pct,2016-08-15,2026-09-24,2542,50,200,fixed_10_shares,fixed_shares,10.0,0.05,0.05,13807.273208,38.07273208,3.24306595,9.82102742,3,66.66666667,1248.284149,-256.314987,9.74023536,1,1553,61.09362707,10.0,0,41165.697236,311.65697236,-273.58424028
2010-2015,2010-01-04,2015-12-31,1510,50,200,fixed_10_shares,fixed_shares,10.0,0.05,0.05,10582.520146,5.82520146,0.95006815,1.95641048,2,100.0,294.383413,,inf,0,1138,75.36423841,10.0,0,20453.932029,104.53932029,-98.71411883
2016-2020,2016-01-04,2020-12-31,1259,50,200,fixed_10_shares,fixed_shares,10.0,0.05,0.05,10887.393386,8.87393386,1.71803187,9.30576847,2,50.0,584.219758,-256.314987,2.27930393,1,1048,83.2406672,10.0,0,20498.161811,104.98161811,-96.10768426
2021-2026,2021-01-04,2026-09-24,1438,50,200,fixed_10_shares,fixed_shares,10.0,0.05,0.05,12898.114134,28.98114134,4.55020589,9.26897449,1,100.0,1331.094236,,inf,0,869,60.43115438,10.0,0,22024.915753,120.24915753,-91.26801619
full_history,1993-01-29,2026-09-24,8471,50,200,fixed_10_shares,fixed_shares,10.0,0.05,0.1,15826.240727,58.26240727,1.373603,8.23001422,14,78.57142857,423.898696,-132.261271,11.75170331,1,6264,73.94640538,10.0,0,317765.484718,3077.65484718,-3019.39243991
development_70pct,1993-01-29,2016-08-12,5929,50,200,fixed_10_shares,fixed_shares,10.0,0.05,0.1,11528.749126,15.28749126,0.60629787,3.18536584,10,80.0,199.021351,-69.037478,11.53120644,1,4124,69.55641761,10.0,0,76886.242038,668.86242038,-653.57492912
holdout_30pct,2016-08-15,2026-09-24,2542,50,200,fixed_10_shares,fixed_shares,10.0,0.05,0.1,13789.995307,37.89995307,3.23027752,9.81871805,3,66.66666667,1244.282641,-258.708859,9.61917305,1,1553,61.09362707,10.0,0,41124.552091,311.24552091,-273.34556784
2010-2015,2010-01-04,2015-12-31,1510,50,200,fixed_10_shares,fixed_shares,10.0,0.05,0.1,10578.604547,5.78604547,0.94382902,1.95584682,2,100.0,293.28356,,inf,0,1138,75.36423841,10.0,0,20433.488308,104.33488308,-98.54883761
2016-2020,2016-01-04,2020-12-31,1259,50,200,fixed_10_shares,fixed_shares,10.0,0.05,0.1,10879.749353,8.79749353,1.70371915,9.30518116,2,50.0,582.149565,-258.708859,2.25021117,1,1048,83.2406672,10.0,0,20477.673883,104.77673883,-95.9792453
2021-2026,2021-01-04,2026-09-24,1438,50,200,fixed_10_shares,fixed_shares,10.0,0.05,0.1,12886.713217,28.86713217,4.5340419,9.26809807,1,100.0,1326.574333,,inf,0,869,60.43115438,10.0,0,22002.901834,120.02901834,-91.16188617
full_history,1993-01-29,2026-09-24,8471,50,200,fixed_10_shares,fixed_shares,10.0,0.1,0.0,15854.624258,58.54624258,1.37900108,8.22504377,14,78.57142857,425.420162,-130.672342,11.9372922,1,6264,73.94640538,10.0,0,318083.409165,3080.83409165,-3022.28784907
development_70pct,1993-01-29,2016-08-12,5929,50,200,fixed_10_shares,fixed_shares,10.0,0.1,0.0,11539.601841,15.39601841,0.61032022,3.15516012,10,80.0,199.854313,-67.851051,11.78194355,1,4124,69.55641761,10.0,0,76963.166742,669.63166742,-654.23564901
holdout_30pct,2016-08-15,2026-09-24,2542,50,200,fixed_10_shares,fixed_shares,10.0,0.1,0.0,13807.272248,38.07272248,3.24306524,9.82102509,3,66.66666667,1248.283834,-256.314924,9.7402353,1,1553,61.09362707,10.0,0,41165.697215,311.65697215,-273.58424968
2010-2015,2010-01-04,2015-12-31,1510,50,200,fixed_10_shares,fixed_shares,10.0,0.1,0.0,10582.519999,5.82519999,0.95006791,1.95641002,2,100.0,294.383338,,inf,0,1138,75.36423841,10.0,0,20453.932019,104.53932019,-98.7141202
2016-2020,2016-01-04,2020-12-31,1259,50,200,fixed_10_shares,fixed_shares,10.0,0.1,0.0,10887.39316,8.8739316,1.71803144,9.30576638,2,50.0,584.219611,-256.314924,2.27930392,1,1048,83.2406672,10.0,0,20498.161801,104.98161801,-96.10768641
2021-2026,2021-01-04,2026-09-24,1438,50,200,fixed_10_shares,fixed_shares,10.0,0.1,0.0,12898.113404,28.98113404,4.55020486,9.26897258,1,100.0,1331.093901,,inf,0,869,60.43115438,10.0,0,22024.915742,120.24915742,-91.26802339
full_history,1993-01-29,2026-09-24,8471,50,200,fixed_10_shares,fixed_shares,10.0,0.1,0.05,15826.240727,58.26240727,1.373603,8.23001422,14,78.57142857,423.898696,-132.261271,11.75170331,1,6264,73.94640538,10.0,0,317765.484718,3077.65484718,-3019.39243991
development_70pct,1993-01-29,2016-08-12,5929,50,200,fixed_10_shares,fixed_shares,10.0,0.1,0.05,11528.749126,15.28749126,0.60629787,3.18536584,10,80.0,199.021351,-69.037478,11.53120644,1,4124,69.55641761,10.0,0,76886.242038,668.86242038,-653.57492912
holdout_30pct,2016-08-15,2026-09-24,2542,50,200,fixed_10_shares,fixed_shares,10.0,0.1,0.05,13789.995307,37.89995307,3.23027752,9.81871805,3,66.66666667,1244.282641,-258.708859,9.61917305,1,1553,61.09362707,10.0,0,41124.552091,311.24552091,-273.34556784
2010-2015,2010-01-04,2015-12-31,1510,50,200,fixed_10_shares,fixed_shares,10.0,0.1,0.05,10578.604547,5.78604547,0.94382902,1.95584682,2,100.0,293.28356,,inf,0,1138,75.36423841,10.0,0,20433.488308,104.33488308,-98.54883761
2016-2020,2016-01-04,2020-12-31,1259,50,200,fixed_10_shares,fixed_shares,10.0,0.1,0.05,10879.749353,8.79749353,1.70371915,9.30518116,2,50.0,582.149565,-258.708859,2.25021117,1,1048,83.2406672,10.0,0,20477.673883,104.77673883,-95.9792453
2021-2026,2021-01-04,2026-09-24,1438,50,200,fixed_10_shares,fixed_shares,10.0,0.1,0.05,12886.713217,28.86713217,4.5340419,9.26809807,1,100.0,1326.574333,,inf,0,869,60.43115438,10.0,0,22002.901834,120.02901834,-91.16188617
full_history,1993-01-29,2026-09-24,8471,50,200,fixed_10_shares,fixed_shares,10.0,0.1,0.1,15797.857196,57.97857196,1.36819553,8.23499567,14,71.42857143,464.6734,-100.533767,11.55515741,1,6264,73.94640538,10.0,0,317447.877878,3074.47877878,-3016.50020682
development_70pct,1993-01-29,2016-08-12,5929,50,200,fixed_10_shares,fixed_shares,10.0,0.1,0.1,11517.89641,15.1789641,0.60227189,3.21560996,10,70.0,226.584512,-47.010758,11.24630236,1,4124,69.55641761,10.0,0,76809.394181,668.09394181,-652.91497771
holdout_30pct,2016-08-15,2026-09-24,2542,50,200,fixed_10_shares,fixed_shares,10.0,0.1,0.1,13772.718366,37.72718366,3.21747534,9.8164098,3,66.66666667,1240.281447,-261.102794,9.50033073,1,1553,61.09362707,10.0,0,41083.44807,310.8344807,-273.10729704
2010-2015,2010-01-04,2015-12-31,1510,50,200,fixed_10_shares,fixed_shares,10.0,0.1,0.1,10574.689096,5.74689096,0.9375882,1.95528337,2,50.0,584.952026,-0.584464,1000.83414775,1,1138,75.36423841,10.0,0,20413.065022,104.13065022,-98.38375926
2016-2020,2016-01-04,2020-12-31,1259,50,200,fixed_10_shares,fixed_shares,10.0,0.1,0.1,10872.105546,8.72105546,1.68939881,9.30459544,2,50.0,580.07952,-261.102794,2.22165191,1,1048,83.2406672,10.0,0,20457.206433,104.57206433,-95.85100886
2021-2026,2021-01-04,2026-09-24,1438,50,200,fixed_10_shares,fixed_shares,10.0,0.1,0.1,12875.31303,28.7531303,4.51786714,9.26722284,1,100.0,1322.054764,,inf,0,869,60.43115438,10.0,0,21980.909917,119.80909917,-91.05596887
full_history,1993-01-29,2026-09-24,8471,50,200,10pct_equity,equity_fraction,0.1,0.0,0.0,14629.294939,46.29294939,1.13696609,4.37383822,14,78.57142857,409.233377,-80.779146,18.5756158,1,6264,73.94640538,2.3410258567,0,318720.212787,3087.20212787,-3040.90917848
development_70pct,1993-01-29,2016-08-12,5929,50,200,10pct_equity,equity_fraction,0.1,0.0,0.0,13006.674644,30.06674644,1.12324658,4.37383822,10,80.0,382.134225,-54.396876,28.09971827,1,4124,69.55641761,7.2900425552,0,77117.247156,671.17247156,-641.10572511
holdout_30pct,2016-08-15,2026-09-24,2542,50,200,10pct_equity,equity_fraction,0.1,0.0,0.0,10935.994079,9.35994079,0.88910118,4.02785684,3,66.66666667,379.592294,-99.829347,7.60482376,1,1553,61.09362707,1.7500122196,0,41248.111024,312.48111024,-303.12116944
2010-2015,2010-01-04,2015-12-31,1510,50,200,10pct_equity,equity_fraction,0.1,0.0,0.0,10584.024963,5.84024963,0.95246542,1.98999082,2,100.0,292.880058,,inf,0,1138,75.36423841,6.1641883627,0,20494.880831,104.94880831,-99.10855868
2016-2020,2016-01-04,2020-12-31,1259,50,200,10pct_equity,equity_fraction,0.1,0.0,0.0,10427.883126,4.27883126,0.84299114,4.02785684,2,50.0,331.254154,-103.136235,3.21181157,1,1048,83.2406672,3.5303643986,0,20539.199162,105.39199162,-101.11316035
2021-2026,2021-01-04,2026-09-24,1438,50,200,10pct_equity,equity_fraction,0.1,0.0,0.0,10616.631532,6.16631532,1.0517031,2.77260238,1,100.0,348.071346,,inf,0,869,60.43115438,1.6989068189,0,22069.009668,120.69009668,-114.52378136
full_history,1993-01-29,2026-09-24,8471,50,200,10pct_equity,equity_fraction,0.1,0.0,0.05,14602.527946,46.02527946,1.13146213,4.37047057,14,78.57142857,407.316463,-81.86486,18.24340385,1,6264,73.94640538,2.3358613531,0,318401.651855,3084.01651855,-3037.99123909
development_70pct,1993-01-29,2016-08-12,5929,50,200,10pct_equity,equity_fraction,0.1,0.0,0.05,12989.41591,29.8941591,1.11754147,4.37047057,10,80.0,380.434135,-55.514728,27.41140238,1,4124,69.55641761,7.2774877089,0,77040.168448,670.40168448,-640.50752538
holdout_30pct,2016-08-15,2026-09-24,2542,50,200,10pct_equity,equity_fraction,0.1,0.0,0.05,10930.759629,9.30759629,0.88432282,4.0243115,3,66.66666667,378.144882,-100.729068,7.50815809,1,1553,61.09362707,1.7485149881,0,41206.883526,312.06883526,-302.76123897
2010-2015,2010-01-04,2015-12-31,1510,50,200,10pct_equity,equity_fraction,0.1,0.0,0.05,10580.326316,5.80326316,0.94657273,1.9882303,2,100.0,291.558543,,inf,0,1138,75.36423841,6.1595695157,0,20474.396193,104.74396193,-98.94069877
2016-2020,2016-01-04,2020-12-31,1259,50,200,10pct_equity,equity_fraction,0.1,0.0,0.05,10424.370838,4.24370838,0.83618498,4.0243115,2,50.0,329.923565,-104.052357,3.17074572,1,1048,83.2406672,3.5278250055,0,20518.670227,105.18670227,-100.94299389
2021-2026,2021-01-04,2026-09-24,1438,50,200,10pct_equity,equity_fraction,0.1,0.0,0.05,10613.946619,6.13946619,1.04723437,2.77024049,1,100.0,346.723948,,inf,0,869,60.43115438,1.6978366899,0,22046.951687,120.46951687,-114.33005068
full_history,1993-01-29,2026-09-24,8471,50,200,10pct_equity,equity_fraction,0.1,0.0,0.1,14575.833193,45.75833193,1.12596328,4.36710474,14,78.57142857,405.404374,-82.947362,17.92079538,1,6264,73.94640538,2.3307122945,0,318083.409165,3080.83409165,-3035.07575972
development_70pct,1993-01-29,2016-08-12,5929,50,200,10pct_equity,equity_fraction,0.1,0.0,0.1,12972.19509,29.7219509,1.11184166,4.36710474,10,80.0,378.737486,-56.629785,26.75182233,1,4124,69.55641761,7.2649640302,0,76963.166742,669.63166742,-639.90971652
holdout_30pct,2016-08-15,2026-09-24,2542,50,200,10pct_equity,equity_fraction,0.1,0.0,0.1,10925.532272,9.25532272,0.87954887,4.02076885,3,66.66666667,376.699359,-101.62789,7.41330673,1,1553,61.09362707,1.7470200196,0,41165.697215,311.65697215,-302.40164943
2010-2015,2010-01-04,2015-12-31,1510,50,200,10pct_equity,equity_fraction,0.1,0.0,0.1,10576.632207,5.76632207,0.94068556,1.98647114,2,100.0,290.238505,,inf,0,1138,75.36423841,6.1549570032,0,20453.932019,104.53932019,-98.77299812
2016-2020,2016-01-04,2020-12-31,1259,50,200,10pct_equity,equity_fraction,0.1,0.0,0.1,10420.862838,4.20862838,0.82938531,4.02076885,2,50.0,328.594306,-104.967324,3.13044377,1,1048,83.2406672,3.5252890057,0,20498.161801,104.98161801,-100.77298963
2021-2026,2021-01-04,2026-09-24,1438,50,200,10pct_equity,equity_fraction,0.1,0.0,0.1,10611.264728,6.11264728,1.04276973,2.76788025,1,100.0,345.377897,,inf,0,869,60.43115438,1.6967678508,0,22024.915742,120.24915742,-114.13651015
full_history,1993-01-29,2026-09-24,8471,50,200,10pct_equity,equity_fraction,0.1,0.05,0.0,14602.527946,46.02527946,1.13146213,4.37047057,14,78.57142857,407.316463,-81.86486,18.24340385,1,6264,73.94640538,2.3358613531,0,318401.651855,3084.01651855,-3037.99123909
development_70pct,1993-01-29,2016-08-12,5929,50,200,10pct_equity,equity_fraction,0.1,0.05,0.0,12989.41591,29.8941591,1.11754147,4.37047057,10,80.0,380.434135,-55.514728,27.41140238,1,4124,69.55641761,7.2774877089,0,77040.168448,670.40168448,-640.50752538
holdout_30pct,2016-08-15,2026-09-24,2542,50,200,10pct_equity,equity_fraction,0.1,0.05,0.0,10930.759629,9.30759629,0.88432282,4.0243115,3,66.66666667,378.144882,-100.729068,7.50815809,1,1553,61.09362707,1.7485149881,0,41206.883526,312.06883526,-302.76123897
2010-2015,2010-01-04,2015-12-31,1510,50,200,10pct_equity,equity_fraction,0.1,0.05,0.0,10580.326316,5.80326316,0.94657273,1.9882303,2,100.0,291.558543,,inf,0,1138,75.36423841,6.1595695157,0,20474.396193,104.74396193,-98.94069877
2016-2020,2016-01-04,2020-12-31,1259,50,200,10pct_equity,equity_fraction,0.1,0.05,0.0,10424.370838,4.24370838,0.83618498,4.0243115,2,50.0,329.923565,-104.052357,3.17074572,1,1048,83.2406672,3.5278250055,0,20518.670227,105.18670227,-100.94299389
2021-2026,2021-01-04,2026-09-24,1438,50,200,10pct_equity,equity_fraction,0.1,0.05,0.0,10613.946619,6.13946619,1.04723437,2.77024049,1,100.0,346.723948,,inf,0,869,60.43115438,1.6978366899,0,22046.951687,120.46951687,-114.33005068
full_history,1993-01-29,2026-09-24,8471,50,200,10pct_equity,equity_fraction,0.1,0.05,0.05,14575.833207,45.75833207,1.12596328,4.36710474,14,78.57142857,405.404375,-82.947362,17.92079554,1,6264,73.94640538,2.3307117143,0,318083.409324,3080.83409324,-3035.07576118
development_70pct,1993-01-29,2016-08-12,5929,50,200,10pct_equity,equity_fraction,0.1,0.05,0.05,12972.195099,29.72195099,1.11184167,4.36710474,10,80.0,378.737487,-56.629784,26.75182265,1,4124,69.55641761,7.2649622202,0,76963.16678,669.6316678,-639.90971682
holdout_30pct,2016-08-15,2026-09-24,2542,50,200,10pct_equity,equity_fraction,0.1,0.05,0.05,10925.532275,9.25532275,0.87954887,4.02076885,3,66.66666667,376.69936,-101.627889,7.41330678,1,1553,61.09362707,1.7470195836,0,41165.697236,311.65697236,-302.40164961
2010-2015,2010-01-04,2015-12-31,1510,50,200,10pct_equity,equity_fraction,0.1,0.05,0.05,10576.632209,5.76632209,0.94068556,1.98647114,2,100.0,290.238506,,inf,0,1138,75.36423841,6.1549554667,0,20453.932029,104.53932029,-98.7729982
2016-2020,2016-01-04,2020-12-31,1259,50,200,10pct_equity,equity_fraction,0.1,0.05,0.05,10420.86284,4.2086284,0.82938531,4.02076885,2,50.0,328.594307,-104.967324,3.13044379,1,1048,83.2406672,3.5252881257,0,20498.161811,104.98161811,-100.77298971
2021-2026,2021-01-04,2026-09-24,1438,50,200,10pct_equity,equity_fraction,0.1,0.05,0.05,10611.264729,6.11264729,1.04276973,2.76788026,1,100.0,345.377897,,inf,0,869,60.43115438,1.6967674271,0,22024.915753,120.24915753,-114.13651024
full_history,1993-01-29,2026-09-24,8471,50,200,10pct_equity,equity_fraction,0.1,0.05,0.1,14549.210474,45.49210474,1.12046951,4.36374073,14,78.57142857,403.497098,-84.026663,17.60737965,1,6264,73.94640538,2.3255774687,0,317765.484718,3077.65484718,-3032.16274245
development_70pct,1993-01-29,2016-08-12,5929,50,200,10pct_equity,equity_fraction,0.1,0.05,0.1,12955.012099,29.55012099,1.10614715,4.36374073,10,80.0,377.044271,-57.742055,26.11921392,1,4124,69.55641761,7.2524678133,0,76886.242038,668.86242038,-639.31229939
holdout_30pct,2016-08-15,2026-09-24,2542,50,200,10pct_equity,equity_fraction,0.1,0.05,0.1,10920.312002,9.20312002,0.87477934,4.01722891,3,66.66666667,375.255724,-102.525813,7.32021945,1,1553,61.09362707,1.7455264386,0,41124.552091,311.24552091,-302.04240089
2010-2015,2010-01-04,2015-12-31,1510,50,200,10pct_equity,equity_fraction,0.1,0.05,0.1,10572.942634,5.72942634,0.9348039,1.98471334,2,100.0,288.919946,,inf,0,1138,75.36423841,6.1503477445,0,20433.488308,104.33488308,-98.60545675
2016-2020,2016-01-04,2020-12-31,1259,50,200,10pct_equity,equity_fraction,0.1,0.05,0.1,10417.359124,4.17359124,0.82259211,4.01722891,2,50.0,327.266376,-105.881138,3.09088457,1,1048,83.2406672,3.5227546351,0,20477.673883,104.77673883,-100.60314759
2021-2026,2021-01-04,2026-09-24,1438,50,200,10pct_equity,equity_fraction,0.1,0.05,0.1,10608.585856,6.08585856,1.0383092,2.76552169,1,100.0,344.033191,,inf,0,869,60.43115438,1.695699453,0,22002.901834,120.02901834,-113.94315977
full_history,1993-01-29,2026-09-24,8471,50,200,10pct_equity,equity_fraction,0.1,0.1,0.0,14575.833193,45.75833193,1.12596328,4.36710474,14,78.57142857,405.404374,-82.947362,17.92079538,1,6264,73.94640538,2.3307122945,0,318083.409165,3080.83409165,-3035.07575972
development_70pct,1993-01-29,2016-08-12,5929,50,200,10pct_equity,equity_fraction,0.1,0.1,0.0,12972.19509,29.7219509,1.11184166,4.36710474,10,80.0,378.737486,-56.629785,26.75182233,1,4124,69.55641761,7.2649640302,0,76963.166742,669.63166742,-639.90971652
holdout_30pct,2016-08-15,2026-09-24,2542,50,200,10pct_equity,equity_fraction,0.1,0.1,0.0,10925.532272,9.25532272,0.87954887,4.02076885,3,66.66666667,376.699359,-101.62789,7.41330673,1,1553,61.09362707,1.7470200196,0,41165.697215,311.65697215,-302.40164943
2010-2015,2010-01-04,2015-12-31,1510,50,200,10pct_equity,equity_fraction,0.1,0.1,0.0,10576.632207,5.76632207,0.94068556,1.98647114,2,100.0,290.238505,,inf,0,1138,75.36423841,6.1549570032,0,20453.932019,104.53932019,-98.77299812
2016-2020,2016-01-04,2020-12-31,1259,50,200,10pct_equity,equity_fraction,0.1,0.1,0.0,10420.862838,4.20862838,0.82938531,4.02076885,2,50.0,328.594306,-104.967324,3.13044377,1,1048,83.2406672,3.5252890057,0,20498.161801,104.98161801,-100.77298963
2021-2026,2021-01-04,2026-09-24,1438,50,200,10pct_equity,equity_fraction,0.1,0.1,0.0,10611.264728,6.11264728,1.04276973,2.76788025,1,100.0,345.377897,,inf,0,869,60.43115438,1.6967678508,0,22024.915742,120.24915742,-114.13651015
full_history,1993-01-29,2026-09-24,8471,50,200,10pct_equity,equity_fraction,0.1,0.1,0.05,14549.210474,45.49210474,1.12046951,4.36374073,14,78.57142857,403.497098,-84.026663,17.60737965,1,6264,73.94640538,2.3255774687,0,317765.484718,3077.65484718,-3032.16274245
development_70pct,1993-01-29,2016-08-12,5929,50,200,10pct_equity,equity_fraction,0.1,0.1,0.05,12955.012099,29.55012099,1.10614715,4.36374073,10,80.0,377.044271,-57.742055,26.11921392,1,4124,69.55641761,7.2524678133,0,76886.242038,668.86242038,-639.31229939
holdout_30pct,2016-08-15,2026-09-24,2542,50,200,10pct_equity,equity_fraction,0.1,0.1,0.05,10920.312002,9.20312002,0.87477934,4.01722891,3,66.66666667,375.255724,-102.525813,7.32021945,1,1553,61.09362707,1.7455264386,0,41124.552091,311.24552091,-302.04240089
2010-2015,2010-01-04,2015-12-31,1510,50,200,10pct_equity,equity_fraction,0.1,0.1,0.05,10572.942634,5.72942634,0.9348039,1.98471334,2,100.0,288.919946,,inf,0,1138,75.36423841,6.1503477445,0,20433.488308,104.33488308,-98.60545675
2016-2020,2016-01-04,2020-12-31,1259,50,200,10pct_equity,equity_fraction,0.1,0.1,0.05,10417.359124,4.17359124,0.82259211,4.01722891,2,50.0,327.266376,-105.881138,3.09088457,1,1048,83.2406672,3.5227546351,0,20477.673883,104.77673883,-100.60314759
2021-2026,2021-01-04,2026-09-24,1438,50,200,10pct_equity,equity_fraction,0.1,0.1,0.05,10608.585856,6.08585856,1.0383092,2.76552169,1,100.0,344.033191,,inf,0,869,60.43115438,1.695699453,0,22002.901834,120.02901834,-113.94315977
full_history,1993-01-29,2026-09-24,8471,50,200,10pct_equity,equity_fraction,0.1,0.1,0.1,14522.659527,45.22659527,1.11498084,4.36037853,14,71.42857143,441.834563,-64.02829,17.25153692,1,6264,73.94640538,2.3204579842,0,317447.877878,3074.47877878,-3029.25218351
development_70pct,1993-01-29,2016-08-12,5929,50,200,10pct_equity,equity_fraction,0.1,0.1,0.1,12937.866819,29.37866819,1.10045792,4.36037853,10,70.0,429.091524,-39.502643,25.34548245,1,4124,69.55641761,7.2400025922,0,76809.394181,668.09394181,-638.71527362
holdout_30pct,2016-08-15,2026-09-24,2542,50,200,10pct_equity,equity_fraction,0.1,0.1,0.1,10915.098802,9.15098802,0.87001422,4.01369165,3,66.66666667,373.813973,-103.422839,7.22884765,1,1553,61.09362707,1.744035114,0,41083.44807,310.8344807,-301.68349268
2010-2015,2010-01-04,2015-12-31,1510,50,200,10pct_equity,equity_fraction,0.1,0.1,0.1,10569.257586,5.69257586,0.92892775,1.98295689,2,50.0,575.861424,-0.6557,878.23946001,1,1138,75.36423841,6.1457448048,0,20413.065022,104.13065022,-98.43807436
2016-2020,2016-01-04,2020-12-31,1259,50,200,10pct_equity,equity_fraction,0.1,0.1,0.1,10413.859687,4.13859687,0.81580539,4.01369165,2,50.0,325.939772,-106.7938,3.05204769,1,1048,83.2406672,3.5202236497,0,20457.206433,104.57206433,-100.43346746
2021-2026,2021-01-04,2026-09-24,1438,50,200,10pct_equity,equity_fraction,0.1,0.1,0.1,10605.909998,6.05909998,1.03385275,2.76316478,1,100.0,342.689829,,inf,0,869,60.43115438,1.6946323426,0,21980.909917,119.80909917,-113.74999919
full_history,1993-01-29,2026-09-24,8471,50,200,25pct_equity,equity_fraction,0.25,0.0,0.0,24882.163796,148.82163796,2.74591284,9.7533126,14,78.57142857,1295.25403,-293.888253,16.16010413,1,6264,73.94640538,9.590404709,0,318720.212787,3087.20212787,-2938.38048992
development_70pct,1993-01-29,2016-08-12,5929,50,200,25pct_equity,equity_fraction,0.25,0.0,0.0,18697.66048,86.9766048,2.69479434,8.98932876,10,80.0,1108.901538,-191.004964,23.22246527,1,4124,69.55641761,26.0241266932,0,77117.247156,671.17247156,-584.19586676
holdout_30pct,2016-08-15,2026-09-24,2542,50,200,25pct_equity,equity_fraction,0.25,0.0,0.0,12428.430593,24.28430593,2.17405154,9.7533126,3,66.66666667,960.378838,-249.573367,7.69616445,1,1553,61.09362707,4.7903261252,0,41248.111024,312.48111024,-288.19680431
2010-2015,2010-01-04,2015-12-31,1510,50,200,25pct_equity,equity_fraction,0.25,0.0,0.0,11460.433394,14.60433394,2.30271095,4.8538371,2,100.0,732.565815,,inf,0,1138,75.36423841,16.6906368072,0,20494.880831,104.94880831,-90.34447438
2016-2020,2016-01-04,2020-12-31,1259,50,200,25pct_equity,equity_fraction,0.25,0.0,0.0,11073.409111,10.73409111,2.06387615,9.7533126,2,50.0,828.135386,-270.241421,3.06442804,1,1048,83.2406672,9.1104769406,0,20539.199162,105.39199162,-94.65790051
2021-2026,2021-01-04,2026-09-24,1438,50,200,25pct_equity,equity_fraction,0.25,0.0,0.0,11575.454021,15.75454021,2.59100185,6.41973739,1,100.0,870.178364,,inf,0,869,60.43115438,4.4615608862,0,22069.009668,120.69009668,-104.93555647
full_history,1993-01-29,2026-09-24,8471,50,200,25pct_equity,equity_fraction,0.25,0.0,0.05,24773.263599,147.73263599,2.73252125,9.74638207,14,78.57142857,1287.467845,-297.134715,15.88745841,1,6264,73.94640538,9.5464806097,0,318401.651855,3084.01651855,-2936.28388255
development_70pct,1993-01-29,2016-08-12,5929,50,200,25pct_equity,equity_fraction,0.25,0.0,0.05,18638.255016,86.38255016,2.68090944,8.9845859,10,80.0,1103.011542,-194.43627,22.69147708,1,4124,69.55641761,25.9351769392,0,77040.168448,670.40168448,-584.01913432
holdout_30pct,2016-08-15,2026-09-24,2542,50,200,25pct_equity,equity_fraction,0.25,0.0,0.05,12414.083588,24.14083588,2.162377,9.74638207,3,66.66666667,956.490277,-251.822669,7.59653832,1,1553,61.09362707,4.7838189661,0,41206.883526,312.06883526,-287.92799939
2010-2015,2010-01-04,2015-12-31,1510,50,200,25pct_equity,equity_fraction,0.25,0.0,0.05,11450.749818,14.50749818,2.28826932,4.85034523,2,100.0,729.151854,,inf,0,1138,75.36423841,16.6723607163,0,20474.396193,104.74396193,-90.23646375
2016-2020,2016-01-04,2020-12-31,1259,50,200,25pct_equity,equity_fraction,0.25,0.0,0.05,11064.30186,10.6430186,2.04705234,9.74638207,2,50.0,824.808914,-272.593227,3.02578653,1,1048,83.2406672,9.1010266029,0,20518.670227,105.18670227,-94.54368367
2021-2026,2021-01-04,2026-09-24,1438,50,200,25pct_equity,equity_fraction,0.25,0.0,0.05,11568.446924,15.68446924,2.58014086,6.41551573,1,100.0,866.80987,,inf,0,869,60.43115438,4.4579493453,0,22046.951687,120.46951687,-104.78504763
full_history,1993-01-29,2026-09-24,8471,50,200,25pct_equity,equity_fraction,0.25,0.0,0.1,24664.915669,146.64915669,2.71914078,9.73945446,14,78.57142857,1279.717614,-300.361126,15.62218782,1,6264,73.94640538,9.5027872251,0,318083.409165,3080.83409165,-2934.18493496
development_70pct,1993-01-29,2016-08-12,5929,50,200,25pct_equity,equity_fraction,0.25,0.0,0.1,18579.079721,85.79079721,2.66703614,8.9798433,10,80.0,1097.141797,-197.851045,22.1811676,1,4124,69.55641761,25.8465903543,0,76963.166742,669.63166742,-583.84087021
holdout_30pct,2016-08-15,2026-09-24,2542,50,200,25pct_equity,equity_fraction,0.25,0.0,0.1,12399.763263,23.99763263,2.15071203,9.73945446,3,66.66666667,952.608441,-254.069724,7.49879542,1,1553,61.09362707,4.7773247438,0,41165.697215,311.65697215,-287.65933953
2010-2015,2010-01-04,2015-12-31,1510,50,200,25pct_equity,equity_fraction,0.25,0.0,0.1,11441.081294,14.41081294,2.27383999,4.84685489,2,100.0,725.742292,,inf,0,1138,75.36423841,16.6541156819,0,20453.932019,104.53932019,-90.12850724
2016-2020,2016-01-04,2020-12-31,1259,50,200,25pct_equity,equity_fraction,0.25,0.0,0.1,11055.208661,10.55208661,2.03024343,9.73945446,2,50.0,821.485765,-274.94119,2.98785993,1,1048,83.2406672,9.0915918842,0,20498.161801,104.98161801,-94.4295314
2021-2026,2021-01-04,2026-09-24,1438,50,200,25pct_equity,equity_fraction,0.25,0.0,0.1,11561.448944,15.61448944,2.56928857,6.41129541,1,100.0,863.444741,,inf,0,869,60.43115438,4.4543427921,0,22024.915742,120.24915742,-104.63466798
full_history,1993-01-29,2026-09-24,8471,50,200,25pct_equity,equity_fraction,0.25,0.05,0.0,24773.263599,147.73263599,2.73252125,9.74638207,14,78.57142857,1287.467845,-297.134715,15.88745841,1,6264,73.94640538,9.5464806097,0,318401.651855,3084.01651855,-2936.28388255
development_70pct,1993-01-29,2016-08-12,5929,50,200,25pct_equity,equity_fraction,0.25,0.05,0.0,18638.255016,86.38255016,2.68090944,8.9845859,10,80.0,1103.011542,-194.43627,22.69147708,1,4124,69.55641761,25.9351769392,0,77040.168448,670.40168448,-584.01913432
holdout_30pct,2016-08-15,2026-09-24,2542,50,200,25pct_equity,equity_fraction,0.25,0.05,0.0,12414.083588,24.14083588,2.162377,9.74638207,3,66.66666667,956.490277,-251.822669,7.59653832,1,1553,61.09362707,4.7838189661,0,41206.883526,312.06883526,-287.92799939
2010-2015,2010-01-04,2015-12-31,1510,50,200,25pct_equity,equity_fraction,0.25,0.05,0.0,11450.749818,14.50749818,2.28826932,4.85034523,2,100.0,729.151854,,inf,0,1138,75.36423841,16.6723607163,0,20474.396193,104.74396193,-90.23646375
2016-2020,2016-01-04,2020-12-31,1259,50,200,25pct_equity,equity_fraction,0.25,0.05,0.0,11064.30186,10.6430186,2.04705234,9.74638207,2,50.0,824.808914,-272.593227,3.02578653,1,1048,83.2406672,9.1010266029,0,20518.670227,105.18670227,-94.54368367
2021-2026,2021-01-04,2026-09-24,1438,50,200,25pct_equity,equity_fraction,0.25,0.05,0.0,11568.446924,15.68446924,2.58014086,6.41551573,1,100.0,866.80987,,inf,0,869,60.43115438,4.4579493453,0,22046.951687,120.46951687,-104.78504763
full_history,1993-01-29,2026-09-24,8471,50,200,25pct_equity,equity_fraction,0.25,0.05,0.05,24664.915723,146.64915723,2.71914079,9.73945446,14,78.57142857,1279.717618,-300.361124,15.62218795,1,6264,73.94640538,9.5027848711,0,318083.409324,3080.83409324,-2934.18493601
development_70pct,1993-01-29,2016-08-12,5929,50,200,25pct_equity,equity_fraction,0.25,0.05,0.05,18579.079751,85.79079751,2.66703615,8.9798433,10,80.0,1097.1418,-197.851043,22.18116785,1,4124,69.55641761,25.8465839369,0,76963.16678,669.6316678,-583.8408703
holdout_30pct,2016-08-15,2026-09-24,2542,50,200,25pct_equity,equity_fraction,0.25,0.05,0.05,12399.76327,23.9976327,2.15071203,9.73945446,3,66.66666667,952.608443,-254.069723,7.49879547,1,1553,61.09362707,4.7773235527,0,41165.697236,311.65697236,-287.65933966
2010-2015,2010-01-04,2015-12-31,1510,50,200,25pct_equity,equity_fraction,0.25,0.05,0.05,11441.081299,14.41081299,2.27384,4.84685489,2,100.0,725.742294,,inf,0,1138,75.36423841,16.6541115275,0,20453.932029,104.53932029,-90.1285073
2016-2020,2016-01-04,2020-12-31,1259,50,200,25pct_equity,equity_fraction,0.25,0.05,0.05,11055.208665,10.55208665,2.03024344,9.73945446,2,50.0,821.485766,-274.941189,2.98785995,1,1048,83.2406672,9.091589616,0,20498.161811,104.98161811,-94.42953146
2021-2026,2021-01-04,2026-09-24,1438,50,200,25pct_equity,equity_fraction,0.25,0.05,0.05,11561.448947,15.61448947,2.56928858,6.41129541,1,100.0,863.444743,,inf,0,869,60.43115438,4.4543416803,0,22024.915753,120.24915753,-104.63466806
full_history,1993-01-29,2026-09-24,8471,50,200,25pct_equity,equity_fraction,0.25,0.05,0.1,24557.117002,145.57117002,2.70577142,9.73252977,14,78.57142857,1272.003158,-303.5676,15.36399661,1,6264,73.94640538,9.4593185308,0,317765.484718,3077.65484718,-2932.08367716
development_70pct,1993-01-29,2016-08-12,5929,50,200,25pct_equity,equity_fraction,0.25,0.05,0.1,18520.133642,85.20133642,2.65317445,8.97510097,10,80.0,1091.292232,-201.249369,21.69034837,1,4124,69.55641761,25.7583524809,0,76886.242038,668.86242038,-583.66108396
holdout_30pct,2016-08-15,2026-09-24,2542,50,200,25pct_equity,equity_fraction,0.25,0.05,0.1,12385.469574,23.85469574,2.13905664,9.73252977,3,66.66666667,948.733321,-256.314532,7.4028836,1,1553,61.09362707,4.7708410496,0,41124.552091,311.24552091,-287.39082517
2010-2015,2010-01-04,2015-12-31,1510,50,200,25pct_equity,equity_fraction,0.25,0.05,0.1,11431.427807,14.31427807,2.25942296,4.84336608,2,100.0,722.337128,,inf,0,1138,75.36423841,16.6358933436,0,20433.488308,104.33488308,-90.02060502
2016-2020,2016-01-04,2020-12-31,1259,50,200,25pct_equity,equity_fraction,0.25,0.05,0.1,11046.129497,10.46129497,2.01344944,9.73252977,2,50.0,818.165939,-277.285314,2.95062846,1,1048,83.2406672,9.0821682229,0,20477.673883,104.77673883,-94.31544386
2021-2026,2021-01-04,2026-09-24,1438,50,200,25pct_equity,equity_fraction,0.25,0.05,0.1,11554.460075,15.54460075,2.55844501,6.40707642,1,100.0,860.082977,,inf,0,869,60.43115438,4.4507389972,0,22002.901834,120.02901834,-104.48441759
full_history,1993-01-29,2026-09-24,8471,50,200,25pct_equity,equity_fraction,0.25,0.1,0.0,24664.915669,146.64915669,2.71914078,9.73945446,14,78.57142857,1279.717614,-300.361126,15.62218782,1,6264,73.94640538,9.5027872251,0,318083.409165,3080.83409165,-2934.18493496
development_70pct,1993-01-29,2016-08-12,5929,50,200,25pct_equity,equity_fraction,0.25,0.1,0.0,18579.079721,85.79079721,2.66703614,8.9798433,10,80.0,1097.141797,-197.851045,22.1811676,1,4124,69.55641761,25.8465903543,0,76963.166742,669.63166742,-583.84087021
holdout_30pct,2016-08-15,2026-09-24,2542,50,200,25pct_equity,equity_fraction,0.25,0.1,0.0,12399.763263,23.99763263,2.15071203,9.73945446,3,66.66666667,952.608441,-254.069724,7.49879542,1,1553,61.09362707,4.7773247438,0,41165.697215,311.65697215,-287.65933953
2010-2015,2010-01-04,2015-12-31,1510,50,200,25pct_equity,equity_fraction,0.25,0.1,0.0,11441.081294,14.41081294,2.27383999,4.84685489,2,100.0,725.742292,,inf,0,1138,75.36423841,16.6541156819,0,20453.932019,104.53932019,-90.12850724
2016-2020,2016-01-04,2020-12-31,1259,50,200,25pct_equity,equity_fraction,0.25,0.1,0.0,11055.208661,10.55208661,2.03024343,9.73945446,2,50.0,821.485765,-274.94119,2.98785993,1,1048,83.2406672,9.0915918842,0,20498.161801,104.98161801,-94.4295314
2021-2026,2021-01-04,2026-09-24,1438,50,200,25pct_equity,equity_fraction,0.25,0.1,0.0,11561.448944,15.61448944,2.56928857,6.41129541,1,100.0,863.444741,,inf,0,869,60.43115438,4.4543427921,0,22024.915742,120.24915742,-104.63466798
full_history,1993-01-29,2026-09-24,8471,50,200,25pct_equity,equity_fraction,0.25,0.1,0.05,24557.117002,145.57117002,2.70577142,9.73252977,14,78.57142857,1272.003158,-303.5676,15.36399661,1,6264,73.94640538,9.4593185308,0,317765.484718,3077.65484718,-2932.08367716
development_70pct,1993-01-29,2016-08-12,5929,50,200,25pct_equity,equity_fraction,0.25,0.1,0.05,18520.133642,85.20133642,2.65317445,8.97510097,10,80.0,1091.292232,-201.249369,21.69034837,1,4124,69.55641761,25.7583524809,0,76886.242038,668.86242038,-583.66108396
holdout_30pct,2016-08-15,2026-09-24,2542,50,200,25pct_equity,equity_fraction,0.25,0.1,0.05,12385.469574,23.85469574,2.13905664,9.73252977,3,66.66666667,948.733321,-256.314532,7.4028836,1,1553,61.09362707,4.7708410496,0,41124.552091,311.24552091,-287.39082517
2010-2015,2010-01-04,2015-12-31,1510,50,200,25pct_equity,equity_fraction,0.25,0.1,0.05,11431.427807,14.31427807,2.25942296,4.84336608,2,100.0,722.337128,,inf,0,1138,75.36423841,16.6358933436,0,20433.488308,104.33488308,-90.02060502
2016-2020,2016-01-04,2020-12-31,1259,50,200,25pct_equity,equity_fraction,0.25,0.1,0.05,11046.129497,10.46129497,2.01344944,9.73252977,2,50.0,818.165939,-277.285314,2.95062846,1,1048,83.2406672,9.0821682229,0,20477.673883,104.77673883,-94.31544386
2021-2026,2021-01-04,2026-09-24,1438,50,200,25pct_equity,equity_fraction,0.25,0.1,0.05,11554.460075,15.54460075,2.55844501,6.40707642,1,100.0,860.082977,,inf,0,869,60.43115438,4.4507389972,0,22002.901834,120.02901834,-104.48441759
full_history,1993-01-29,2026-09-24,8471,50,200,25pct_equity,equity_fraction,0.25,0.1,0.1,24449.8644,144.498644,2.69241315,9.72560801,14,71.42857143,1391.023515,-230.732709,15.07180669,1,6264,73.94640538,9.4160779265,0,317447.877878,3074.47877878,-2929.98013478
development_70pct,1993-01-29,2016-08-12,5929,50,200,25pct_equity,equity_fraction,0.25,0.1,0.1,18461.415713,84.61415713,2.63932435,8.9703589,10,70.0,1240.910019,-137.310238,21.08696884,1,4124,69.55641761,25.6704745393,0,76809.394181,668.09394181,-583.47978468
holdout_30pct,2016-08-15,2026-09-24,2542,50,200,25pct_equity,equity_fraction,0.25,0.1,0.1,12371.202448,23.71202448,2.12741083,9.72560801,3,66.66666667,944.8649,-258.557097,7.30875239,1,1553,61.09362707,4.764370239,0,41083.44807,310.8344807,-287.12245622
2010-2015,2010-01-04,2015-12-31,1510,50,200,25pct_equity,equity_fraction,0.25,0.1,0.1,11421.789318,14.21789318,2.24501821,4.83987881,2,50.0,1439.511954,-1.639249,878.15307513,1,1138,75.36423841,16.6177019583,0,20413.065022,104.13065022,-89.91275704
2016-2020,2016-01-04,2020-12-31,1259,50,200,25pct_equity,equity_fraction,0.25,0.1,0.1,11037.064333,10.37064333,1.99667032,9.72560801,2,50.0,814.84943,-279.625607,2.91407299,1,1048,83.2406672,9.0727601303,0,20457.206433,104.57206433,-94.20142099
2021-2026,2021-01-04,2026-09-24,1438,50,200,25pct_equity,equity_fraction,0.25,0.1,0.1,11547.480296,15.47480296,2.54761014,6.40285876,1,100.0,856.724572,,inf,0,869,60.43115438,4.4471401781,0,21980.909917,119.80909917,-104.33429621
full_history,1993-01-29,2026-09-24,8471,50,200,50pct_equity,equity_fraction,0.5,0.0,0.0,55456.525839,454.56525839,5.22233656,18.53612986,14,78.57142857,3835.404429,-1034.199798,13.59809739,1,6264,73.94640538,40.2944569342,0,318720.212787,3087.20212787,-2632.63686948
development_70pct,1993-01-29,2016-08-12,5929,50,200,50pct_equity,equity_fraction,0.5,0.0,0.0,32108.354005,221.08354005,5.08156977,13.8670673,10,80.0,2834.496678,-637.835129,17.77573263,1,4124,69.55641761,88.3938042485,0,77117.247156,671.17247156,-450.08893151
holdout_30pct,2016-08-15,2026-09-24,2542,50,200,50pct_equity,equity_fraction,0.5,0.0,0.0,15151.62421,51.5162421,4.19643237,18.53612986,3,66.66666667,1955.235896,-499.146734,7.83431309,1,1553,61.09362707,11.0091005518,0,41248.111024,312.48111024,-260.96486814
2010-2015,2010-01-04,2015-12-31,1510,50,200,50pct_equity,equity_fraction,0.5,0.0,0.0,12922.10181,29.2210181,4.3743314,9.32907172,2,100.0,1466.350529,,inf,0,1138,75.36423841,37.6541714921,0,20494.880831,104.94880831,-75.72779022
2016-2020,2016-01-04,2020-12-31,1259,50,200,50pct_equity,equity_fraction,0.5,0.0,0.0,12155.92653,21.5592653,3.98910609,18.53612986,2,50.0,1656.270772,-581.818948,2.84671164,1,1048,83.2406672,19.1124363056,0,20539.199162,105.39199162,-83.83272632
2021-2026,2021-01-04,2026-09-24,1438,50,200,50pct_equity,equity_fraction,0.5,0.0,0.0,13263.825347,32.63825347,5.06255415,11.43264523,1,100.0,1740.356729,,inf,0,869,60.43115438,9.6374345692,0,22069.009668,120.69009668,-88.05184321
full_history,1993-01-29,2026-09-24,8471,50,200,50pct_equity,equity_fraction,0.5,0.0,0.05,55000.60405,450.0060405,5.19652663,18.52778359,14,78.57142857,3803.317435,-1042.019502,13.3831442,1,6264,73.94640538,39.9654814523,0,318401.651855,3084.01651855,-2634.01047805
development_70pct,1993-01-29,2016-08-12,5929,50,200,50pct_equity,equity_fraction,0.5,0.0,0.05,31916.080493,219.16080493,5.05475525,13.86330421,10,80.0,2815.254106,-646.906367,17.40749047,1,4124,69.55641761,87.8654470316,0,77040.168448,670.40168448,-451.24087955
holdout_30pct,2016-08-15,2026-09-24,2542,50,200,50pct_equity,equity_fraction,0.5,0.0,0.05,15118.494597,51.18494597,4.17387094,18.52778359,3,66.66666667,1946.552983,-503.645338,7.72985606,1,1553,61.09362707,10.9856596279,0,41206.883526,312.06883526,-260.88388929
2010-2015,2010-01-04,2015-12-31,1510,50,200,50pct_equity,equity_fraction,0.5,0.0,0.05,12901.277931,29.01277931,4.34622176,9.32477086,2,100.0,1459.155365,,inf,0,1138,75.36423841,37.5934766341,0,20474.396193,104.74396193,-75.73118262
2016-2020,2016-01-04,2020-12-31,1259,50,200,50pct_equity,equity_fraction,0.5,0.0,0.05,12136.627433,21.36627433,3.95600699,18.52778359,2,50.0,1649.617827,-586.727571,2.81155669,1,1048,83.2406672,19.0829417296,0,20518.670227,105.18670227,-83.82042794
2021-2026,2021-01-04,2026-09-24,1438,50,200,50pct_equity,equity_fraction,0.5,0.0,0.05,13248.828432,32.48828432,5.04177463,11.4281811,1,100.0,1733.619741,,inf,0,869,60.43115438,9.6270907589,0,22046.951687,120.46951687,-87.98123255
full_history,1993-01-29,2026-09-24,8471,50,200,50pct_equity,equity_fraction,0.5,0.0,0.1,54548.630448,445.48630448,5.1707345,18.51943649,14,78.57142857,3771.47988,-1049.736561,13.17355237,1,6264,73.94640538,39.6393372449,0,318083.409165,3080.83409165,-2635.34778717
development_70pct,1993-01-29,2016-08-12,5929,50,200,50pct_equity,equity_fraction,0.5,0.0,0.1,31725.043641,217.25043641,5.02795957,13.85953939,10,80.0,2796.118197,-655.894866,17.05223409,1,4124,69.55641761,87.3404827419,0,76963.166742,669.63166742,-452.38123101
holdout_30pct,2016-08-15,2026-09-24,2542,50,200,50pct_equity,equity_fraction,0.5,0.0,0.1,15085.452244,50.85452244,4.15132451,18.51943649,3,66.66666667,1937.890564,-508.139448,7.62739666,1,1553,61.09362707,10.962279421,0,41165.697215,311.65697215,-260.80244971
2010-2015,2010-01-04,2015-12-31,1510,50,200,50pct_equity,equity_fraction,0.5,0.0,0.1,12880.497097,28.80497097,4.31813252,9.32046965,2,100.0,1451.971348,,inf,0,1138,75.36423841,37.5329072547,0,20453.932019,104.53932019,-75.73434922
2016-2020,2016-01-04,2020-12-31,1259,50,200,50pct_equity,equity_fraction,0.5,0.0,0.1,12117.367962,21.17367962,3.92293386,18.51943649,2,50.0,1642.971529,-591.625312,2.77704739,1,1048,83.2406672,19.0535068364,0,20498.161801,104.98161801,-83.80793839
2021-2026,2021-01-04,2026-09-24,1438,50,200,50pct_equity,equity_fraction,0.5,0.0,0.1,13233.854969,32.33854969,5.02100823,11.423716,1,100.0,1726.889483,,inf,0,869,60.43115438,9.6167628012,0,22024.915742,120.24915742,-87.91060774
full_history,1993-01-29,2026-09-24,8471,50,200,50pct_equity,equity_fraction,0.5,0.05,0.0,55000.60405,450.0060405,5.19652663,18.52778359,14,78.57142857,3803.317435,-1042.019502,13.3831442,1,6264,73.94640538,39.9654814523,0,318401.651855,3084.01651855,-2634.01047805
development_70pct,1993-01-29,2016-08-12,5929,50,200,50pct_equity,equity_fraction,0.5,0.05,0.0,31916.080493,219.16080493,5.05475525,13.86330421,10,80.0,2815.254106,-646.906367,17.40749047,1,4124,69.55641761,87.8654470316,0,77040.168448,670.40168448,-451.24087955
holdout_30pct,2016-08-15,2026-09-24,2542,50,200,50pct_equity,equity_fraction,0.5,0.05,0.0,15118.494597,51.18494597,4.17387094,18.52778359,3,66.66666667,1946.552983,-503.645338,7.72985606,1,1553,61.09362707,10.9856596279,0,41206.883526,312.06883526,-260.88388929
2010-2015,2010-01-04,2015-12-31,1510,50,200,50pct_equity,equity_fraction,0.5,0.05,0.0,12901.277931,29.01277931,4.34622176,9.32477086,2,100.0,1459.155365,,inf,0,1138,75.36423841,37.5934766341,0,20474.396193,104.74396193,-75.73118262
2016-2020,2016-01-04,2020-12-31,1259,50,200,50pct_equity,equity_fraction,0.5,0.05,0.0,12136.627433,21.36627433,3.95600699,18.52778359,2,50.0,1649.617827,-586.727571,2.81155669,1,1048,83.2406672,19.0829417296,0,20518.670227,105.18670227,-83.82042794
2021-2026,2021-01-04,2026-09-24,1438,50,200,50pct_equity,equity_fraction,0.5,0.05,0.0,13248.828432,32.48828432,5.04177463,11.4281811,1,100.0,1733.619741,,inf,0,869,60.43115438,9.6270907589,0,22046.951687,120.46951687,-87.98123255
full_history,1993-01-29,2026-09-24,8471,50,200,50pct_equity,equity_fraction,0.5,0.05,0.05,54548.630673,445.48630673,5.17073451,18.51943649,14,78.57142857,3771.479896,-1049.736557,13.17355247,1,6264,73.94640538,39.6393274974,0,318083.409324,3080.83409324,-2635.34778651
development_70pct,1993-01-29,2016-08-12,5929,50,200,50pct_equity,equity_fraction,0.5,0.05,0.05,31725.043736,217.25043736,5.02795959,13.85953939,10,80.0,2796.118207,-655.894861,17.05223427,1,4124,69.55641761,87.3404611684,0,76963.16678,669.6316678,-452.38123044
holdout_30pct,2016-08-15,2026-09-24,2542,50,200,50pct_equity,equity_fraction,0.5,0.05,0.05,15085.452261,50.85452261,4.15132452,18.51943649,3,66.66666667,1937.890568,-508.139445,7.62739671,1,1553,61.09362707,10.9622766921,0,41165.697236,311.65697236,-260.80244975
2010-2015,2010-01-04,2015-12-31,1510,50,200,50pct_equity,equity_fraction,0.5,0.05,0.05,12880.497107,28.80497107,4.31813253,9.32046966,2,100.0,1451.971352,,inf,0,1138,75.36423841,37.5328979018,0,20453.932029,104.53932029,-75.73434922
2016-2020,2016-01-04,2020-12-31,1259,50,200,50pct_equity,equity_fraction,0.5,0.05,0.05,12117.367971,21.17367971,3.92293388,18.51943649,2,50.0,1642.971533,-591.62531,2.77704741,1,1048,83.2406672,19.0535020877,0,20498.161811,104.98161811,-83.8079384
2021-2026,2021-01-04,2026-09-24,1438,50,200,50pct_equity,equity_fraction,0.5,0.05,0.05,13233.854976,32.33854976,5.02100824,11.423716,1,100.0,1726.889486,,inf,0,869,60.43115438,9.6167604022,0,22024.915753,120.24915753,-87.91060777
full_history,1993-01-29,2026-09-24,8471,50,200,50pct_equity,equity_fraction,0.5,0.05,0.1,54100.569756,441.00569756,5.14496016,18.51108857,14,78.57142857,3739.889722,-1057.35201,12.96912368,1,6264,73.94640538,39.3159795007,0,317765.484718,3077.65484718,-2636.64914962
development_70pct,1993-01-29,2016-08-12,5929,50,200,50pct_equity,equity_fraction,0.5,0.05,0.1,31535.235218,215.35235218,5.00118275,13.85577286,10,80.0,2777.088344,-664.801306,16.70928333,1,4124,69.55641761,86.8188454246,0,76886.242038,668.86242038,-453.5100682
holdout_30pct,2016-08-15,2026-09-24,2542,50,200,50pct_equity,equity_fraction,0.5,0.05,0.1,15052.49693,50.5249693,4.1287931,18.51108857,3,66.66666667,1929.248598,-512.629063,7.52687952,1,1553,61.09362707,10.9389543104,0,41124.552091,311.24552091,-260.72055161
2010-2015,2010-01-04,2015-12-31,1510,50,200,50pct_equity,equity_fraction,0.5,0.05,0.1,12859.759228,28.59759228,4.2900637,9.31616812,2,100.0,1444.798467,,inf,0,1138,75.36423841,37.4724443888,0,20433.488308,104.33488308,-75.7372908
2016-2020,2016-01-04,2020-12-31,1259,50,200,50pct_equity,equity_fraction,0.5,0.05,0.1,12098.148044,20.98148044,3.88988673,18.51108857,2,50.0,1636.331878,-596.512191,2.74316586,1,1048,83.2406672,19.0241220082,0,20477.673883,104.77673883,-83.79525839
2021-2026,2021-01-04,2026-09-24,1438,50,200,50pct_equity,equity_fraction,0.5,0.05,0.1,13218.90493,32.1890493,5.00025497,11.41924992,1,100.0,1720.165955,,inf,0,869,60.43115438,9.6064458765,0,22002.901834,120.02901834,-87.83996904
full_history,1993-01-29,2026-09-24,8471,50,200,50pct_equity,equity_fraction,0.5,0.1,0.0,54548.630448,445.48630448,5.1707345,18.51943649,14,78.57142857,3771.47988,-1049.736561,13.17355237,1,6264,73.94640538,39.6393372449,0,318083.409165,3080.83409165,-2635.34778717
development_70pct,1993-01-29,2016-08-12,5929,50,200,50pct_equity,equity_fraction,0.5,0.1,0.0,31725.043641,217.25043641,5.02795957,13.85953939,10,80.0,2796.118197,-655.894866,17.05223409,1,4124,69.55641761,87.3404827419,0,76963.166742,669.63166742,-452.38123101
holdout_30pct,2016-08-15,2026-09-24,2542,50,200,50pct_equity,equity_fraction,0.5,0.1,0.0,15085.452244,50.85452244,4.15132451,18.51943649,3,66.66666667,1937.890564,-508.139448,7.62739666,1,1553,61.09362707,10.962279421,0,41165.697215,311.65697215,-260.80244971
2010-2015,2010-01-04,2015-12-31,1510,50,200,50pct_equity,equity_fraction,0.5,0.1,0.0,12880.497097,28.80497097,4.31813252,9.32046965,2,100.0,1451.971348,,inf,0,1138,75.36423841,37.5329072547,0,20453.932019,104.53932019,-75.73434922
2016-2020,2016-01-04,2020-12-31,1259,50,200,50pct_equity,equity_fraction,0.5,0.1,0.0,12117.367962,21.17367962,3.92293386,18.51943649,2,50.0,1642.971529,-591.625312,2.77704739,1,1048,83.2406672,19.0535068364,0,20498.161801,104.98161801,-83.80793839
2021-2026,2021-01-04,2026-09-24,1438,50,200,50pct_equity,equity_fraction,0.5,0.1,0.0,13233.854969,32.33854969,5.02100823,11.423716,1,100.0,1726.889483,,inf,0,869,60.43115438,9.6167628012,0,22024.915742,120.24915742,-87.91060774
full_history,1993-01-29,2026-09-24,8471,50,200,50pct_equity,equity_fraction,0.5,0.1,0.05,54100.569756,441.00569756,5.14496016,18.51108857,14,78.57142857,3739.889722,-1057.35201,12.96912368,1,6264,73.94640538,39.3159795007,0,317765.484718,3077.65484718,-2636.64914962
development_70pct,1993-01-29,2016-08-12,5929,50,200,50pct_equity,equity_fraction,0.5,0.1,0.05,31535.235218,215.35235218,5.00118275,13.85577286,10,80.0,2777.088344,-664.801306,16.70928333,1,4124,69.55641761,86.8188454246,0,76886.242038,668.86242038,-453.5100682
holdout_30pct,2016-08-15,2026-09-24,2542,50,200,50pct_equity,equity_fraction,0.5,0.1,0.05,15052.49693,50.5249693,4.1287931,18.51108857,3,66.66666667,1929.248598,-512.629063,7.52687952,1,1553,61.09362707,10.9389543104,0,41124.552091,311.24552091,-260.72055161
2010-2015,2010-01-04,2015-12-31,1510,50,200,50pct_equity,equity_fraction,0.5,0.1,0.05,12859.759228,28.59759228,4.2900637,9.31616812,2,100.0,1444.798467,,inf,0,1138,75.36423841,37.4724443888,0,20433.488308,104.33488308,-75.7372908
2016-2020,2016-01-04,2020-12-31,1259,50,200,50pct_equity,equity_fraction,0.5,0.1,0.05,12098.148044,20.98148044,3.88988673,18.51108857,2,50.0,1636.331878,-596.512191,2.74316586,1,1048,83.2406672,19.0241220082,0,20477.673883,104.77673883,-83.79525839
2021-2026,2021-01-04,2026-09-24,1438,50,200,50pct_equity,equity_fraction,0.5,0.1,0.05,13218.90493,32.1890493,5.00025497,11.41924992,1,100.0,1720.165955,,inf,0,869,60.43115438,9.6064458765,0,22002.901834,120.02901834,-87.83996904
full_history,1993-01-29,2026-09-24,8471,50,200,50pct_equity,equity_fraction,0.5,0.1,0.1,53656.386129,436.56386129,5.1192036,18.50273983,14,71.42857143,4080.211384,-800.680215,12.7398283,1,6264,73.94640538,38.9954026338,0,317447.877878,3074.47877878,-2637.91491749
development_70pct,1993-01-29,2016-08-12,5929,50,200,50pct_equity,equity_fraction,0.5,0.1,0.1,31346.646675,213.46646675,4.97442474,13.8520046,10,70.0,3153.347345,-451.790988,16.2858726,1,4124,69.55641761,86.3005555803,0,76809.394181,668.09394181,-454.62747506
holdout_30pct,2016-08-15,2026-09-24,2542,50,200,50pct_equity,equity_fraction,0.5,0.1,0.1,15019.628367,50.19628367,4.10627669,18.50273983,3,66.66666667,1920.627026,-517.114194,7.42825105,1,1553,61.09362707,10.9156895914,0,41083.44807,310.8344807,-260.63819703
2010-2015,2010-01-04,2015-12-31,1510,50,200,50pct_equity,equity_fraction,0.5,0.1,0.1,12839.064206,28.39064206,4.26201526,9.31186626,2,50.0,2878.551886,-3.278499,878.00910033,1,1138,75.36423841,37.4121064838,0,20413.065022,104.13065022,-75.74000815
2016-2020,2016-01-04,2020-12-31,1259,50,200,50pct_equity,equity_fraction,0.5,0.1,0.1,12078.967569,20.78967569,3.85686554,18.50273983,2,50.0,1629.698859,-601.388235,2.70989481,1,1048,83.2406672,18.9947966216,0,20457.206433,104.57206433,-83.78238863
2021-2026,2021-01-04,2026-09-24,1438,50,200,50pct_equity,equity_fraction,0.5,0.1,0.1,13203.978261,32.03978261,4.97951481,11.41478286,1,100.0,1713.449144,,inf,0,869,60.43115438,9.5961447611,0,21980.909917,119.80909917,-87.76931656
