signal_date,entry_date,exit_date,entry_price,stop_price,target_price,exit_price,atr_at_signal,outcome,r_multiple,split,holding_period_days,entry_bar,exit_bar,bars_held,stop_distance,target_distance,cond_weekly_ok,cond_daily_trend_ok,cond_pullback,cond_confirm,weekly_separation,weekly_ema10,weekly_ema20,weekly_close,weekly_ema_separation_pct,price_vs_weekly_ema20_pct,ema20_ema50_gap,ema20_ema50_gap_atr,ema50_slope5,atr_pct,atr_pctile_100,breakout_pips,breakout_atr,candle_range,candle_body,candle_range_atr,concurrent_positions,win_streak_at_exit,loss_streak_at_exit,exit_year,exit_month,exit_quarter
2004-08-13,2004-08-16,2004-08-23,1.2375500000000001,1.2270199154744221,1.2586101690511562,1.2270199154744221,0.010530084525577982,stop,-1.0,train,7,183,188,6,0.01053008452557802,0.02106016905115604,True,True,True,True,1.2201183675669935,1.2197337787622795,1.2194852092906239,1.2277,0.00020246759929594792,0.006736277444606889,0.0012902683589004482,0.12253162410675209,0.0017679434061765864,0.008511222539264453,0.17,82.99999999999973,0.7882177944383023,0.019500000000000073,0.012399999999999967,1.8518369869333735,1,0,1,2004,2004-08,2004Q3
2004-10-08,2004-10-11,2004-10-12,1.2418500000000001,1.2326706269873777,1.260208746025245,1.2326706269873777,0.009179373012622368,stop,-1.0,train,1,223,224,2,0.009179373012622394,0.018358746025244788,True,True,True,True,1.2290592487184517,1.224257778912624,1.2221206594368084,1.2414,0.001721539774299775,0.015775316794068614,0.004784924266565849,0.5212691825450603,0.001605427431930595,0.00739735112629734,0.06,96.9999999999982,1.056717053186699,0.014700000000000157,0.012399999999999967,1.6014165651386525,1,0,2,2004,2004-10,2004Q4
2005-03-04,2005-03-07,2005-03-10,1.3238500000000002,1.3136908015089515,1.3441683969820974,1.3441683969820974,0.01015919849104863,target,1.9999999999999782,train,3,328,331,4,0.010159198491048738,0.020318396982097253,True,True,True,True,1.3113629861195097,1.3074893838317534,1.298129024168507,1.3241,0.007069224124496889,0.02000646726786517,0.0021761047171264813,0.21420043313888085,0.0018642454245862972,0.007671951737689646,0.18,79.00000000000017,0.7776204005621886,0.015800000000000036,0.013700000000000045,1.5552408011243772,1,1,0,2005,2005-03,2005Q1
2006-04-11,2006-04-12,2006-04-18,1.21395,1.204637744100992,1.2325745117980162,1.2325745117980162,0.009312255899008092,target,1.9999999999999762,train,6,615,619,5,0.009312255899008193,0.018624511798016163,True,True,True,True,1.2107151601514257,1.2041529133579414,1.2030577058094258,1.2091,0.0009058039438553909,0.005022447519679805,0.005367661744571706,0.576408316393394,0.0025050196952172143,0.007671353405559018,0.4,9.999999999998899,0.1073853651408362,0.006299999999999972,0.0027999999999999137,0.6765278003873396,2,2,0,2006,2006-04,2006Q2
2006-04-17,2006-04-18,2006-04-26,1.2255500000000001,1.2162180955661297,1.2442138088677412,1.2442138088677412,0.00933190443387051,target,2.000000000000024,train,8,619,625,7,0.009331904433870442,0.018663808867741105,True,True,True,True,1.2120938517700648,1.2053796563837702,1.203804590970433,1.2109,0.0013007394610102365,0.005894153488688142,0.005387938056144126,0.5773674703084609,0.0017074970047461502,0.007614773099853536,0.43,139.00000000000023,1.4895137534359475,0.016799999999999926,0.013500000000000068,1.8002756156635804,2,3,0,2006,2006-04,2006Q2
2006-07-26,2006-07-27,2006-08-21,1.2716500000000002,1.261756739875401,1.2914365202491986,1.2914365202491986,0.009893260124599224,target,2.0000000000000226,train,25,691,708,18,0.009893260124599124,0.01978652024919847,True,True,True,True,1.2656091844718362,1.2664497368654108,1.253966268240394,1.2694,0.0098341489089466,0.012307932159342023,0.0017896177534557633,0.1808926209274479,0.0002634952789299927,0.007781390691048626,0.54,45.000000000001705,0.4548551178606016,0.016100000000000003,0.01330000000000009,1.6273705327900911,2,4,0,2006,2006-08,2006Q3
2006-08-15,2006-08-16,2006-09-08,1.27855,1.2689770871381107,1.2976958257237785,1.2689770871381107,0.009572912861889233,stop,-1.0,train,23,705,722,18,0.009572912861889327,0.01914582572377843,True,True,True,True,1.2754274833333965,1.2716775793951047,1.2602435626671915,1.2721,0.008988300234190096,0.009408052287698596,0.005210430661998222,0.5442889470708013,0.0016004540828635783,0.007488198421377685,0.35,22.999999999999687,0.2402612489200136,0.009600000000000053,0.006299999999999972,1.0028295607096411,4,0,2,2006,2006-09,2006Q3
2006-08-28,2006-08-29,2006-09-08,1.27845,1.2696724552216818,1.2960050895566366,1.2696724552216818,0.008777544778318252,stop,-1.0,train,10,714,722,9,0.00877754477831827,0.01755508955663654,True,True,True,True,1.278125226169029,1.2738982143058137,1.263568539961125,1.2752,0.00810043471195796,0.009205246625745206,0.00482323167652976,0.5494966757040999,0.0009785462672171619,0.006866039407320285,0.02,3.9999999999995595,0.045570829896306675,0.00649999999999995,0.0024999999999999467,0.7405259858150594,3,0,3,2006,2006-09,2006Q3
2006-08-29,2006-08-30,2006-09-07,1.28325,1.2744637084201331,1.300822583159734,1.2744637084201331,0.008786291579866958,stop,-1.0,train,8,715,721,7,0.008786291579866878,0.01757258315973398,True,True,True,True,1.2785704427243596,1.2738982143058137,1.263568539961125,1.2752,0.00810043471195796,0.009205246625745206,0.004895977427644471,0.557229108906787,0.0010303679822283307,0.006849307436753164,0.03,8.999999999999009,0.10243229374064645,0.00890000000000013,0.0044999999999999485,1.012941571435408,3,0,1,2006,2006-09,2006Q3
2006-12-19,2006-12-20,2006-12-26,1.31965,1.310302431767748,1.338345136464504,1.310302431767748,0.009347568232251989,stop,-1.0,train,6,795,798,4,0.009347568232251913,0.018695136464504047,True,True,True,True,1.3135754442359335,1.297401204042341,1.285096909793098,1.3079,0.009407672030922137,0.01774425728762619,0.015264922515929369,1.6330367574382272,0.003603882321713714,0.007083637641900567,0.9,80.00000000000007,0.8558375613025796,0.013199999999999878,0.00990000000000002,1.4121319761492421,1,0,4,2006,2006-12,2006Q4
2007-03-07,2007-03-08,2007-03-09,1.3180500000000002,1.3107198173960488,1.332710365207903,1.3107198173960488,0.007330182603951431,stop,-1.0,train,1,849,850,2,0.007330182603951352,0.014660365207902926,True,True,True,True,1.3126740469537506,1.3067920535211512,1.299265702640107,1.319,0.005706103776379183,0.015188808047339948,0.005335248745505838,0.7278466354480451,0.001678322765180651,0.005562439371643216,0.41,49.000000000001265,0.6684690224986642,0.007400000000000073,0.0052000000000000934,1.0095246462224565,1,0,5,2007,2007-03,2007Q1
2007-03-12,2007-03-13,2007-03-16,1.31905,1.3116726271206702,1.33380474575866,1.33380474575866,0.007377372879329932,target,2.00000000000003,train,3,852,855,4,0.007377372879329824,0.01475474575865987,True,True,True,True,1.3132146299595913,1.3076480437900329,1.3004308738172397,1.3115,0.005502988923212506,0.008511891255141098,0.00504986926874218,0.6845077985540087,0.0014810396830839956,0.005593580164781206,0.41,29.999999999998916,0.4066488232423971,0.009000000000000119,0.007399999999999851,1.2199464697272515,1,1,0,2007,2007-03,2007Q1
2007-05-15,2007-05-16,2007-05-16,1.35935,1.3525431468696758,1.3729637062606486,1.3525431468696758,0.006806853130324274,stop,-1.0,train,0,898,898,1,0.006806853130324253,0.013613706260648506,True,True,True,True,1.354491686134236,1.3444493909065378,1.3295189333746416,1.3523,0.01104078794046902,0.017134819259425386,0.010143945893010375,1.490254850338915,0.001977441230668786,0.005008353417941486,0.14,34.000000000000696,0.49949660069102975,0.008099999999999996,0.004999999999999893,1.189977195763899,1,0,1,2007,2007-05,2007Q2
2007-06-04,2007-06-05,2007-06-07,1.34925,1.3428171050480227,1.3621157899039547,1.3428171050480227,0.006432894951977335,stop,-1.0,train,2,912,914,3,0.006432894951977408,0.012865789903954594,True,True,True,True,1.3479251453786727,1.3452395236445274,1.333891433324335,1.3448,0.008438496668792646,0.008178001899658774,0.0028777166982416613,0.4473439594030853,7.593843715558712e-05,0.0047679328135023236,0.04,35.00000000000058,0.5440785254738588,0.006600000000000161,0.005199999999999871,1.0259766480364274,1,0,2,2007,2007-06,2007Q2
2007-06-29,2007-07-02,2007-07-10,1.3544500000000002,1.3484104546834828,1.366529090633035,1.366529090633035,0.006039545316517407,target,2.0,train,8,931,937,7,0.006039545316517403,0.012079090633034806,True,True,True,True,1.3438663782550038,1.343472135790278,1.335738596390413,1.3464,0.005743864676073222,0.00798165422366142,0.0003714153584168933,0.06149723844295338,0.0007992918084962497,0.004462828136050696,0.06,52.9999999999986,0.8775495045140266,0.011200000000000099,0.00869999999999993,1.8544442359542346,1,1,0,2007,2007-07,2007Q3
2007-08-03,2007-08-06,2007-08-07,1.38375,1.3763991553713764,1.3984516892572474,1.3763991553713764,0.007350844628623657,stop,-1.0,train,1,956,957,2,0.007350844628623676,0.014701689257247352,True,True,True,True,1.370505798333855,1.3598160256457898,1.3487191211440914,1.3632,0.008140334875072201,0.010736763962851436,0.008577321400303317,1.1668484145214888,0.0019333756882518038,0.005334042978465754,0.98,77.0000000000004,1.0474986738281473,0.013299999999999867,0.008300000000000196,1.8093158911576814,1,0,1,2007,2007-08,2007Q3
2007-09-05,2007-09-06,2007-09-11,1.3648500000000001,1.3564189463293959,1.3817121073412089,1.3817121073412089,0.008431053670604358,target,2.000000000000026,train,5,979,982,4,0.00843105367060426,0.016862107341208743,True,True,True,True,1.3615225144693024,1.3624236502620797,1.3549061382041636,1.3627,0.005516630261918298,0.005752325992239319,0.0005918331016532274,0.0701968134441734,0.00036285321476814403,0.006177953887744088,0.91,22.999999999999687,0.27280101513516986,0.010099999999999998,0.0041999999999999815,1.1979522838544576,1,1,0,2007,2007-09,2007Q3
2007-12-04,2007-12-05,2007-12-05,1.47645,1.4654381475886575,1.4984737048226853,1.4654381475886575,0.011011852411342603,stop,-1.0,train,0,1043,1043,1,0.011011852411342504,0.02202370482268523,True,True,True,True,1.4687115927496028,1.4458460356787044,1.4195179443345554,1.4631,0.017994731285728274,0.030702011087204113,0.022297536972933685,2.024867037807955,0.00581079852748867,0.007458583318438502,0.99,61.99999999999983,0.5630297036685454,0.013199999999999878,0.009800000000000031,1.198708401358831,1,0,1,2007,2007-12,2007Q4
2007-12-10,2007-12-11,2007-12-13,1.47195,1.4609072517513444,1.4940354964973115,1.4609072517513444,0.011042748248655674,stop,-1.0,train,2,1047,1049,3,0.011042748248655698,0.022085496497311397,True,True,True,True,1.4678469201552904,1.4494194837371217,1.4238971877312645,1.4655,0.01741541863245118,0.02921756755136405,0.018560224526380065,1.6807613565436081,0.0040965559429892995,0.0075023766890792,0.96,55.000000000000604,0.4980644198485301,0.009500000000000064,0.00649999999999995,0.8602930888292757,1,0,2,2007,2007-12,2007Q4
2008-01-22,2008-01-23,2008-01-23,1.4669500000000002,1.4529753016727267,1.494899396654547,1.4529753016727267,0.01397469832727342,stop,-1.0,train,0,1077,1077,1,0.013974698327273494,0.027949396654546765,True,True,True,True,1.4647529358819245,1.4596910476448393,1.441401002529189,1.4617,0.012512858394780217,0.014082824581912224,0.006353707999331437,0.4546579718956336,0.0003640402240885354,0.009526038396232733,1.0,70.00000000000117,0.5009052672241745,0.03139999999999987,0.023900000000000032,2.2469179129769645,1,0,3,2008,2008-01,2008Q1
2008-01-24,2008-01-25,2008-02-06,1.4757500000000001,1.4613243672586267,1.5046012654827472,1.4613243672586267,0.01442563274137351,stop,-1.0,train,12,1079,1087,9,0.014425632741373429,0.02885126548274708,True,True,True,True,1.465615895359126,1.4596910476448393,1.441401002529189,1.4617,0.012512858394780217,0.014082824581912224,0.006376623484421806,0.44203423161698124,0.0006923723867884313,0.009777438485409726,1.0,85.9999999999994,0.5961610249049711,0.01849999999999996,0.012299999999999978,1.2824394140397697,2,0,5,2008,2008-02,2008Q1
2008-01-28,2008-01-29,2008-02-05,1.47875,1.4645921840138156,1.5070656319723685,1.4645921840138156,0.014157815986184312,stop,-1.0,train,7,1081,1086,6,0.014157815986184374,0.028315631972368527,True,True,True,True,1.467076050396019,1.4612199480730501,1.443943764193076,1.4681,0.011767716013877941,0.016729346672599378,0.006739759826559277,0.4760451635433155,0.002288114610026204,0.009574501918025504,0.98,11.999999999998678,0.08475883576752724,0.01330000000000009,0.009899999999999798,0.9394104297568701,2,0,4,2008,2008-02,2008Q1
2008-02-19,2008-02-20,2008-02-20,1.4730500000000002,1.4616476838147405,1.4958546323705195,1.4616476838147405,0.011402316185259692,stop,-1.0,train,0,1097,1097,1,0.011402316185259664,0.02280463237051933,True,True,True,True,1.465475159664179,1.463143758185765,1.4496107632653394,1.468,0.009218661389935613,0.012685637552274804,0.0024341212212664054,0.21347603256372663,0.0005800723337490155,0.0077419311415397145,0.67,39.00000000000014,0.3420357703324985,0.011200000000000099,0.00770000000000004,0.9822565712112827,1,0,6,2008,2008-02,2008Q1
2008-05-20,2008-05-21,2008-05-29,1.56525,1.550332441847606,1.595085116304788,1.550332441847606,0.014917558152393996,stop,-1.0,train,8,1162,1168,7,0.014917558152393928,0.02983511630478808,True,True,True,True,1.5559209565538337,1.5504776714481092,1.5269243546975821,1.5575,0.015122514767593628,0.02002433533026833,0.00452987286704154,0.30366047986979544,0.0004943877437171285,0.009530768050341169,0.61,20.000000000000018,0.13407019966461725,0.017400000000000082,0.013299999999999867,1.1664107370821746,1,0,7,2008,2008-05,2008Q2
2008-06-25,2008-06-26,2008-07-14,1.56655,1.5518420961724306,1.5959658076551388,1.5961,0.014707903827569398,gap_target,2.009123825287018,train,18,1188,1200,13,0.01470790382756948,0.029415807655138737,True,True,True,True,1.5553535002231995,1.5563613428127696,1.5401899155633831,1.5608,0.010360986192584874,0.013381521478848213,0.000761864750482788,0.051799682634224326,0.0006072446814568977,0.009389022551911522,0.44,44.99999999999948,0.3059579429371079,0.014799999999999924,0.009400000000000075,1.006261678993161,1,1,0,2008,2008-07,2008Q3
2009-06-09,2009-06-10,2009-06-15,1.40745,1.3878908675005623,1.4465682649988756,1.3878908675005623,0.01955913249943777,stop,-1.0,train,5,1435,1438,4,0.019559132499437748,0.039118264998875496,True,True,True,True,1.3905962931833484,1.3637982062931562,1.3486739355869475,1.3968,0.010827799761031428,0.03568398791076802,0.02797203196805076,1.4301264112227279,0.00934645186748595,0.013897351498818935,0.41,73.00000000000084,0.37322718685043543,0.02499999999999991,0.017199999999999882,1.2781752974329788,1,0,1,2009,2009-06,2009Q2
2009-06-17,2009-06-18,2009-08-03,1.3944500000000002,1.3744266626282844,1.4344966747434316,1.4344966747434316,0.020023337371715706,target,1.999999999999989,train,46,1441,1473,33,0.0200233373717158,0.040046674743431376,True,True,True,True,1.3916670504982371,1.3706530778762187,1.3537049893405715,1.4015,0.012092820931607007,0.03530681428803096,0.022452150088801304,1.1212990957499651,0.0052582572810124795,0.014362913257094689,0.5,11.999999999998678,0.05993006948456792,0.01750000000000007,0.010699999999999932,0.873980179983382,5,1,0,2009,2009-08,2009Q3
2009-06-23,2009-06-24,2009-07-06,1.40745,1.3882603410382766,1.4458293179234472,1.3882603410382766,0.019189658961723553,stop,-1.0,train,12,1445,1453,9,0.019189658961723532,0.038379317923447065,True,True,True,True,1.39270921214916,1.3748797909896335,1.3575330855938503,1.3939,0.012444727308833635,0.026788970959216767,0.019756753279834616,1.0295520790255945,0.004753276810524731,0.013635798310043029,0.42,125.99999999999945,0.6566036439278259,0.027900000000000036,0.02190000000000003,1.453908068697337,2,0,2,2009,2009-07,2009Q3
2009-07-09,2009-07-10,2009-08-03,1.40225,1.385309236163703,1.4361315276725939,1.4361315276725939,0.01694076383629698,target,1.999999999999987,train,24,1457,1473,17,0.016940763836297057,0.03388152767259389,True,True,True,True,1.3969207829628174,1.3836418435550437,1.3655211879804534,1.3981,0.012960915223939851,0.023858151968867754,0.013931251038597381,0.8223508203773273,0.002742188884524488,0.012080698735147243,0.05,86.00000000000162,0.5076512536922305,0.021400000000000086,0.015100000000000113,1.2632252126759966,4,2,0,2009,2009-08,2009Q3
2009-07-15,2009-07-16,2009-08-03,1.41025,1.3942388495437192,1.4422723009125613,1.4422723009125613,0.01601115045628066,target,1.9999999999999862,train,18,1461,1473,13,0.016011150456280765,0.03202230091256131,True,True,True,True,1.3980817558347463,1.385416053817763,1.368176312934696,1.3934,0.012372427790345128,0.018435991638533742,0.012566611018461016,0.7848662126294327,0.0033137952625053035,0.011354620563279669,0.02,86.99999999999929,0.543371322613935,0.017199999999999882,0.01309999999999989,1.074251350455137,4,3,0,2009,2009-08,2009Q3
2009-07-31,2009-08-03,2009-08-10,1.4268500000000002,1.4120009593146379,1.4565480813707246,1.4120009593146379,0.014849040685362207,stop,-1.0,train,7,1473,1478,6,0.014849040685362302,0.029698081370724383,True,True,True,True,1.4109293584311589,1.39544545751437,1.3767615622889462,1.4203,0.013154893491110186,0.03162380393498822,0.01355563761163503,0.9128965230055447,0.003958359151641444,0.010415993746746779,0.09,163.9999999999997,1.104448452092037,0.021399999999999864,0.019099999999999895,1.4411705411444808,4,0,1,2009,2009-08,2009Q3
2009-08-12,2009-08-13,2009-08-17,1.42045,1.4061521891182605,1.449045621763479,1.4061521891182605,0.01429781088173949,stop,-1.0,train,4,1481,1483,3,0.014297810881739537,0.028595621763479073,True,True,True,True,1.419170326114612,1.404032083129454,1.3848973333022896,1.418,0.013494181824516463,0.023902614223956214,0.013618296264093832,0.9524742197762944,0.0032602470467990585,0.010068171876444963,0.04,15.999999999998238,0.11190524292381504,0.015900000000000025,0.00529999999999986,1.1120583515555362,1,0,2,2009,2009-08,2009Q3
2009-08-19,2009-08-20,2009-09-08,1.4233500000000001,1.4091645300400992,1.451720939919802,1.451720939919802,0.014185469959900832,target,2.0,train,19,1486,1499,14,0.014185469959900887,0.028370939919801774,True,True,True,True,1.4187229069805238,1.4069717043786438,1.388259492035405,1.4202,0.013175758585578675,0.023007591986830316,0.010881531091543772,0.7670899252758943,0.0022893460384618702,0.00996660574713752,0.05,83.99999999999963,0.5921552140144031,0.018100000000000005,0.010299999999999976,1.2759534968643746,1,1,0,2009,2009-09,2009Q3
2009-10-05,2009-10-06,2009-10-14,1.4650500000000002,1.4523883235039154,1.4903733529921694,1.4903733529921694,0.012661676496084677,target,1.9999999999999825,train,8,1519,1525,7,0.01266167649608474,0.025323352992169257,True,True,True,True,1.4585092194271976,1.4429403898144173,1.4204795346405703,1.4575,0.015410535282227782,0.026061949121144606,0.01598108848373081,1.2621621227388475,0.0038064264406751924,0.008643962654345081,0.1,2.000000000002,0.015795696570043097,0.009000000000000119,0.006000000000000005,0.7108063456512379,1,2,0,2009,2009-10,2009Q4
2009-11-04,2009-11-05,2009-12-08,1.4877500000000001,1.4734330575446934,1.5163838849106133,1.4734330575446934,0.014316942455306578,stop,-1.0,train,33,1541,1564,24,0.01431694245530668,0.02863388491061314,True,True,True,True,1.480862267470806,1.4654361380761143,1.4413684320519424,1.4715,0.016355899438784814,0.020904834099330236,0.013845250916315832,0.967053612147759,0.002531418927548934,0.009623541342546602,0.64,66.99999999999928,0.46797701540782344,0.020399999999999974,0.016000000000000014,1.424885240943237,2,0,2,2009,2009-12,2009Q4
2009-11-23,2009-11-24,2009-12-04,1.4959500000000001,1.4822111738141914,1.5234276523716175,1.4822111738141914,0.013738826185808675,stop,-1.0,train,10,1554,1562,9,0.013738826185808684,0.027477652371617367,True,True,True,True,1.4889216201627808,1.4752062694646786,1.4532057742624203,1.486,0.014805178467199415,0.022566814912516126,0.01180104211999855,0.8589556313179265,0.0031132245224889665,0.009183707343454996,0.59,25.999999999999357,0.18924469709687197,0.015000000000000124,0.011200000000000099,1.0917963294050668,2,0,1,2009,2009-12,2009Q4
2010-10-28,2010-10-29,2010-11-04,1.3929500000000001,1.376595086791155,1.4256598264176905,1.4256598264176905,0.016354913208845225,target,2.0,train,6,1795,1799,5,0.01635491320884519,0.03270982641769038,True,True,True,True,1.3809631123171522,1.3492897442716703,1.327051725666495,1.3953,0.015937804490199353,0.0514284959760917,0.030965628103151843,1.893353251572421,0.008680909545527582,0.0117424707128412,0.9,51.000000000001044,0.3118328990729142,0.01770000000000005,0.01540000000000008,1.082243590900095,2,1,0,2010,2010-11,2010Q4
2010-10-29,2010-11-01,2010-11-09,1.39725,1.3810418663060724,1.4296662673878555,1.3810418663060724,0.016208133693927707,stop,-1.0,train,8,1796,1802,7,0.016208133693927707,0.03241626738785541,True,True,True,True,1.3822618635250425,1.3492897442716703,1.327051725666495,1.3953,0.015937804490199353,0.0514284959760917,0.030515261044924413,1.8827128169825498,0.008313030739820704,0.01162206632290815,0.86,0.9999999999998899,0.00616974180299694,0.01429999999999998,0.0018000000000000238,0.8822730778286584,2,0,1,2010,2010-11,2010Q4
2011-02-16,2011-02-17,2011-02-25,1.3563500000000002,1.3426979712130462,1.3836540575739078,1.3836540575739078,0.013652028786953834,target,1.9999999999999838,train,8,1874,1880,7,0.01365202878695393,0.027304057573907636,True,True,True,True,1.3555816184073615,1.3462759988572226,1.3413690023029057,1.355,0.0036213996710825996,0.010162004395279872,0.00819173285843977,0.6000377662745601,0.0013489062368623461,0.010067867836986603,0.02,10.000000000001119,0.07324918630084731,0.012499999999999956,0.007300000000000084,0.9156148287604857,3,1,0,2011,2011-02,2011Q1
2011-02-17,2011-02-18,2011-03-02,1.3607500000000001,1.347487401840686,1.3872751963186287,1.3872751963186287,0.013262598159314274,target,2.000000000000017,train,12,1875,1883,9,0.013262598159314187,0.026525196318628597,True,True,True,True,1.3560595595114222,1.3462759988572226,1.3413690023029057,1.355,0.0036213996710825996,0.010162004395279872,0.008151630258536713,0.6146329822118491,0.0013469883452206233,0.009747609995086193,0.01,19.000000000000128,0.1432600141523288,0.008199999999999985,0.0043999999999999595,0.6182800610784663,3,2,0,2011,2011-03,2011Q1
2011-02-18,2011-02-21,2011-02-22,1.36915,1.3556204445663511,1.396209110867298,1.3556204445663511,0.013529555433648963,stop,-1.0,train,1,1876,1877,2,0.013529555433648977,0.027059110867297953,True,True,True,True,1.3573205538436677,1.3462759988572226,1.3413690023029057,1.355,0.0036213996710825996,0.010162004395279872,0.00857371985560107,0.6337029991597226,0.0018549495865844978,0.009880636408127483,0.02,75.00000000000061,0.5543419395250069,0.016999999999999904,0.00869999999999993,1.2565083962566648,3,0,2,2011,2011-02,2011Q1
2011-06-14,2011-06-15,2011-06-15,1.44445,1.4292733798206407,1.4748032403587183,1.4292733798206407,0.015176620179359224,stop,-1.0,train,0,1958,1958,1,0.01517662017935928,0.030353240358718336,True,True,True,True,1.4416936464608714,1.4329297705816386,1.4150784038554276,1.4349,0.01244084377044464,0.014007419016902436,0.007661667501811964,0.5048335802876665,0.002582209516865941,0.010507941687571297,0.74,13.999999999998458,0.092247152755651,0.011900000000000022,0.0024999999999999467,0.7841007984231213,1,0,1,2011,2011-06,2011Q2
2011-08-26,2011-08-29,2011-09-01,1.4493500000000001,1.4321584883568148,1.4837330232863708,1.4321584883568148,0.017191511643185366,stop,-1.0,train,3,2011,2014,4,0.01719151164318533,0.03438302328637066,True,True,True,True,1.4358188439146766,1.4321003847387168,1.4255257295269692,1.4398,0.004566367003575222,0.010013337660181957,0.0029639028154511138,0.17240501457741159,0.001949718999039174,0.011856214926334735,0.8,24.999999999999467,0.14542060360299583,0.017199999999999882,0.012599999999999945,1.0004937527886257,1,0,2,2011,2011-09,2011Q3
2012-09-27,2012-09-28,2012-10-01,1.29145,1.281240664587428,1.3118686708251444,1.281240664587428,0.010209335412572157,stop,-1.0,train,3,2295,2296,2,0.010209335412572074,0.02041867082514437,True,True,True,True,1.2848139334672561,1.269307217700772,1.2686043368964455,1.2983,0.0005413855074532593,0.023408136201239042,0.01673164447712927,1.6388573595618476,0.005280435409415363,0.007905021612521995,0.21,3.00000000000189,0.029384870598996856,0.010000000000000009,0.0043000000000001926,0.9794956866326123,1,0,3,2012,2012-10,2012Q4
2012-10-11,2012-10-12,2012-10-17,1.29305,1.2828271046990651,1.3134957906018696,1.3134957906018696,0.010222895300934837,target,1.9999999999999782,train,5,2305,2308,4,0.010222895300934898,0.020445790601869573,True,True,True,True,1.289669293715329,1.2779230135021695,1.2733808744208996,1.3032,0.00348537375788051,0.023417287143299704,0.013542241892027684,1.324697308676272,0.0037247552326202804,0.007906949726146521,0.18,18.000000000000238,0.17607536289992348,0.012399999999999967,0.007900000000000018,1.2129636110883424,1,1,0,2012,2012-10,2012Q4
2012-10-30,2012-10-31,2012-11-02,1.29675,1.2877068085945684,1.3148363828108631,1.2877068085945684,0.009043191405431583,stop,-1.0,train,2,2318,2320,3,0.009043191405431639,0.018086382810863055,True,True,True,True,1.2960403246959145,1.2865217707310905,1.2795048070028023,1.2941,0.005422273184675214,0.011406907513998676,0.010549012596513974,1.1665143557812958,0.0019654221230545055,0.0069745421914480825,0.02,30.999999999998806,0.3427993349933893,0.009700000000000042,0.006399999999999961,1.0726301772374254,1,0,1,2012,2012-11,2012Q4
2012-12-11,2012-12-12,2012-12-17,1.30085,1.2925924604083794,1.3173650791832414,1.3181,0.008257539591620643,gap_target,2.0889999749446426,train,5,2348,2351,4,0.008257539591620677,0.016515079183241355,True,True,True,True,1.2944195176274929,1.2879996720175602,1.2830733032893231,1.2925,0.003811503851634074,0.007346966604721894,0.0052911055056372724,0.6407605373162769,0.001935821727592213,0.006348535090044316,0.08,61.99999999999983,0.7508289765018442,0.008499999999999952,0.006799999999999917,1.0293623064944608,1,1,0,2012,2012-12,2012Q4
2013-01-07,2013-01-08,2013-01-11,1.31265,1.303370520578993,1.3312089588420144,1.3312089588420144,0.009279479421007156,target,2.0,train,3,2365,2368,4,0.009279479421007153,0.018558958842014306,True,True,True,True,1.3118671373283461,1.302963926515075,1.2937677148820084,1.3068,0.007037198984593365,0.010073125931404261,0.0093518093083933,1.00779460615241,0.0021208788721922556,0.007070079558862595,0.5,38.000000000000256,0.40950573061215856,0.011099999999999888,0.0047999999999999154,1.1961877920512851,2,2,0,2013,2013-01,2013Q1
2013-01-10,2013-01-11,2013-01-25,1.32675,1.3167163205947696,1.3468173588104613,1.3468173588104613,0.010033679405230572,target,2.000000000000022,train,14,2368,2378,11,0.010033679405230478,0.020067358810461178,True,True,True,True,1.31240372475274,1.302963926515075,1.2937677148820084,1.3068,0.007037198984593365,0.010073125931404261,0.008640285153947103,0.8611282865429116,0.001847167970347563,0.00756345500168142,0.71,172.00000000000102,1.7142265868125823,0.02400000000000002,0.021200000000000108,2.3919440746221956,2,3,0,2013,2013-01,2013Q1
2013-02-12,2013-02-13,2013-02-14,1.34525,1.334781537068162,1.366186925863676,1.334781537068162,0.010468462931838025,stop,-1.0,train,1,2391,2392,2,0.010468462931838118,0.020936925863676015,True,True,True,True,1.3417405355097607,1.3287723658765773,1.313208871781483,1.3365,0.01164496378233774,0.017736042391276744,0.014006279063466076,1.3379499124812673,0.0032498514275702828,0.007782665178676697,0.96,24.999999999999467,0.23881251873153486,0.01089999999999991,0.004999999999999893,1.0412225816695055,1,0,1,2013,2013-02,2013Q1
2013-08-15,2013-08-16,2013-08-29,1.33515,1.3261570988065887,1.353135802386823,1.3261570988065887,0.008992901193411448,stop,-1.0,train,13,2523,2532,10,0.00899290119341134,0.017985802386822902,True,True,True,True,1.3258867718787248,1.317272534895076,1.3124529853670968,1.3344,0.0036117727278021958,0.016722133956489596,0.007546485399722913,0.8391602706868129,0.0026223117468882062,0.0067362555755891,0.04,69.99999999999895,0.7783917391562547,0.015600000000000058,0.009299999999999864,1.7347015901196858,1,0,2,2013,2013-08,2013Q3
2013-10-17,2013-10-18,2013-10-31,1.36735,1.3590446788558326,1.3839606422883353,1.3590446788558326,0.008305321144167564,stop,-1.0,train,13,2568,2577,10,0.008305321144167488,0.016610642288335198,True,True,True,True,1.352446013087215,1.3403369822564566,1.3301068768363724,1.3551,0.007549336152375603,0.018790311965812184,0.010311519678103842,1.2415558049004687,0.003286790072680512,0.006074693639677856,0.3,104.99999999999953,1.264249728305041,0.01660000000000017,0.013900000000000023,1.9987186180822842,1,0,3,2013,2013-10,2013Q4
2013-11-22,2013-11-25,2013-12-09,1.35545,1.3462013856027937,1.3739472287944128,1.3739472287944128,0.00924861439720635,target,2.0,train,14,2594,2604,11,0.009248614397206367,0.018497228794412734,True,True,True,True,1.35136914230133,1.3485393873075082,1.3398440356954113,1.349,0.006445775842918377,0.006833604554455835,0.0013413677949720704,0.1450344600135179,8.799712472473686e-06,0.006826049448082036,0.68,62.99999999999972,0.6811831188359372,0.009099999999999886,0.007400000000000073,0.9839311716519012,3,1,0,2013,2013-12,2013Q4
2013-11-26,2013-11-27,2013-12-09,1.3567500000000001,1.3479182865656743,1.3744134268686519,1.3744134268686519,0.008831713434325879,target,2.0,train,12,2596,2604,9,0.008831713434325872,0.017663426868651744,True,True,True,True,1.3519389124053973,1.3496958623425068,1.341277937057753,1.3549,0.006212949505316868,0.010156032963703668,0.0015715588530078595,0.17794495538088254,0.00019751176841431572,0.00651018239298679,0.59,5.999999999999339,0.0679369869121814,0.005499999999999838,0.0042999999999999705,0.6227557133617132,3,2,0,2013,2013-12,2013Q4
2013-12-05,2013-12-06,2013-12-27,1.36735,1.358841877648115,1.3843662447037701,1.3843662447037701,0.008508122351885045,target,2.0,train,21,2603,2617,15,0.008508122351885028,0.017016244703770056,True,True,True,True,1.355857923460067,1.3512784328256873,1.3429086097189193,1.3584,0.0061615305556300985,0.011535699576997403,0.0032680222289296346,0.3841061627664037,0.0015529862448677711,0.006223482080231911,0.57,65.99999999999939,0.7757293239368678,0.013399999999999856,0.008199999999999985,1.5749655970839411,3,3,0,2013,2013-12,2013Q4
2014-03-24,2014-03-25,2014-03-25,1.38385,1.3758895705176049,1.3997708589647904,1.3758895705176049,0.007960429482395157,stop,-1.0,train,0,2678,2678,1,0.00796042948239517,0.01592085896479034,True,True,True,True,1.3814173089278503,1.3753577143971667,1.36709139376114,1.3793,0.005993127409574948,0.008930351178110849,0.0070895962736479134,0.8906047455513387,0.0019321037597328505,0.005753002444457004,0.46,26.999999999999247,0.33917767954242856,0.011500000000000066,0.0045999999999999375,1.4446456721252072,1,0,1,2014,2014-03,2014Q1
2014-04-09,2014-04-10,2014-04-30,1.38545,1.3779858577523507,1.4003782844952988,1.3779858577523507,0.007464142247649403,stop,-1.0,train,20,2690,2704,15,0.007464142247649352,0.014928284495298705,True,True,True,True,1.3784090150361423,1.374384916249343,1.3680784425119534,1.3703,0.004602257708085427,0.0016238524188478564,0.003064818458164531,0.41060558018300086,0.0002414023040975266,0.005388105282357181,0.18,41.999999999999815,0.5626902409747938,0.008200000000000207,0.005900000000000016,1.098585708569868,2,0,2,2014,2014-04,2014Q2
2014-04-28,2014-04-29,2014-04-30,1.38515,1.3794709478542282,1.3965081042915442,1.3794709478542282,0.0056790521457719895,stop,-1.0,train,1,2703,2704,2,0.005679052145771912,0.011358104291544047,True,True,True,True,1.3815226576086608,1.3787645409059133,1.372262934584763,1.3835,0.004699390185146561,0.008188711603317626,0.0031686003540605245,0.5579452825449971,0.0009904908483386876,0.004100398661207213,0.02,1.9999999999997797,0.035217144492831684,0.006399999999999961,0.001000000000000112,1.1269486237707311,2,0,3,2014,2014-04,2014Q2
2015-09-28,2015-09-29,2015-10-14,1.1242500000000002,1.1123139291925308,1.148122141614939,1.148122141614939,0.011936070807469406,target,2.0,train,15,3071,3082,12,0.01193607080746939,0.02387214161493878,True,True,True,True,1.1225954160760665,1.1190037592991815,1.1182668454596558,1.1205,0.0006576651847618714,0.001996978225198393,0.004073656463438269,0.341289569167857,8.31725578427367e-05,0.010618335386059429,0.23,29.000000000001247,0.24296102517968898,0.010399999999999965,0.0048000000000001375,0.8713085040926373,1,1,0,2015,2015-10,2015Q4
2016-03-10,2016-03-11,2016-03-16,1.1181100000000002,1.1062181276832699,1.1418937446334605,1.1062181276832699,0.01189187231673022,stop,-1.0,train,5,3187,3190,4,0.011891872316730279,0.023783744633460335,True,True,True,True,1.1021843853554034,1.1000091261816256,1.0993765771010258,1.10019,0.0005749453099917673,0.0007398946966099388,0.0021735480771227778,0.18277593462426403,0.0009429263070117599,0.010637022743660582,0.99,144.69999999999982,1.2167974575074014,0.039470000000000116,0.018299999999999983,3.3190736453225522,1,0,1,2016,2016-03,2016Q1
2016-03-16,2016-03-17,2016-04-07,1.1217300000000001,1.1099039620148343,1.1453820759703317,1.1453820759703317,0.011826037985165839,target,2.0,train,21,3191,3205,15,0.011826037985165794,0.023652075970331587,True,True,True,True,1.10631578356704,1.1027383759667844,1.100866426900928,1.11502,0.0016788479721048092,0.0128567578710851,0.004156306269518462,0.3514538237347102,0.0028816670691069746,0.010544181803334468,0.96,90.90000000000042,0.768642888801999,0.01831000000000005,0.010820000000000052,1.5482784701831214,1,1,0,2016,2016-04,2016Q2
2016-04-26,2016-04-27,2016-05-02,1.1298700000000002,1.1209964863606483,1.1476170272787038,1.1476170272787038,0.008873513639351838,target,2.0,train,5,3219,3222,4,0.008873513639351849,0.017747027278703698,True,True,True,True,1.1291519288663934,1.1211682717683238,1.1136533843324483,1.12254,0.00669453866755347,0.007979696189652975,0.0076057556881536925,0.857130106210019,0.001318815364276027,0.007854613213319971,0.01,18.899999999999473,0.21299341803209326,0.008180000000000076,0.0029799999999999827,0.9218445288373479,1,2,0,2016,2016-05,2016Q2
2016-05-11,2016-05-12,2016-05-13,1.1428,1.134366421632378,1.1596671567352437,1.134366421632378,0.008433578367621822,stop,-1.0,train,1,3230,3231,2,0.00843357836762193,0.016867156735243638,True,True,True,True,1.1376221686283272,1.1281023968035886,1.118842248852639,1.14011,0.008122153082553032,0.01900871295231366,0.008812164121499988,1.0448902870614958,0.0024002593521317284,0.007381429418332683,0.01,16.199999999999548,0.19208928041973922,0.007689999999999975,0.005479999999999929,0.9118312138443401,1,0,1,2016,2016-05,2016Q2
2017-05-12,2017-05-15,2017-05-16,1.0934400000000002,1.0863300544701666,1.1076598910596676,1.1076598910596676,0.0071099455298336625,target,2.000000000000031,train,1,3491,3492,2,0.007109945529833572,0.014219891059667367,True,True,True,True,1.0856253255409387,1.075910249346562,1.0740457254039915,1.09961,0.0016956229413796968,0.023801849391833642,0.007791682709777037,1.0958850074283655,0.0025038588337469303,0.006505279774768893,0.18,36.40000000000087,0.511958915117771,0.007789999999999964,0.006770000000000165,1.09564833757344,1,1,0,2017,2017-05,2017Q2
2017-06-23,2017-06-26,2017-06-27,1.1195400000000002,1.1131105642303274,1.132398871539346,1.132398871539346,0.006429435769672908,target,2.0000000000000346,train,1,3521,3522,2,0.006429435769672809,0.01285887153934584,True,True,True,True,1.1170989425551958,1.105680543894896,1.0936714981235407,1.12014,0.010721022168081944,0.02420151016266984,0.010539850218371338,1.6393118456967717,0.002116873939187247,0.0057422595672590206,0.06,18.700000000000383,0.29084978324547023,0.006349999999999856,0.004489999999999883,0.9876449858869819,1,2,0,2017,2017-06,2017Q2
2017-06-27,2017-06-28,2017-07-11,1.1337300000000001,1.1266562007904353,1.1478775984191298,1.1478775984191298,0.00707379920956489,target,2.0,train,13,3523,3532,10,0.007073799209564857,0.014147598419129714,True,True,True,True,1.118775506264004,1.108224081368551,1.0961475459212986,1.11967,0.01078579889364948,0.02145920425240839,0.010712891615516362,1.5144466641109697,0.0028678947820024447,0.006240229370282548,0.3,116.1000000000012,1.6412679602640647,0.01700999999999997,0.015249999999999986,2.404648406898484,1,3,0,2017,2017-07,2017Q3
2017-08-21,2017-08-22,2017-08-29,1.18155,1.1726015966899468,1.199446806620107,1.199446806620107,0.008948403310053374,target,2.000000000000025,train,7,3562,3567,6,0.00894840331005331,0.017896806620106842,True,True,True,True,1.173278816749859,1.1575129637147772,1.1351593379303409,1.17637,0.019002206605435654,0.03630385681784169,0.01745428466098531,1.9505473832829736,0.0045381453934463245,0.007574726634827422,0.98,39.39999999999832,0.44030201405577146,0.009589999999999987,0.005519999999999969,1.0716995722830005,1,4,0,2017,2017-08,2017Q3
2017-10-19,2017-10-20,2017-10-20,1.1848100000000001,1.1773819731026853,1.1996660537946295,1.1773819731026853,0.0074280268973147484,stop,-1.0,train,0,3605,3605,1,0.00742802689731481,0.014856053794629398,True,True,True,True,1.1811704039146678,1.1801370508178435,1.1638159844378881,1.18193,0.01380882656329507,0.015564329588462114,0.002422124627336153,0.32607914064120547,0.0003813358579989323,0.006270229094935,0.37,40.99999999999992,0.5519635371113362,0.008929999999999882,0.005390000000000006,1.2022035088790675,1,0,1,2017,2017-10,2017Q4
2017-10-25,2017-10-26,2017-10-26,1.18174,1.1745674212251611,1.1960851575496776,1.1745674212251611,0.007172578774838807,stop,-1.0,train,0,3609,3609,1,0.0071725787748389,0.014345157549677579,True,True,True,True,1.1800003750935226,1.17952849612369,1.1650516049676132,1.17679,0.01230201748491818,0.010075429261962296,0.0014369738104138552,0.2003427017706263,5.6008555477937705e-05,0.006070277147605182,0.24,23.599999999999177,0.32903089308391115,0.006460000000000132,0.005220000000000002,0.9006523598822812,1,0,2,2017,2017-10,2017Q4
2017-12-19,2017-12-20,2017-12-29,1.1843400000000002,1.1769062562184027,1.1992074875631953,1.1992074875631953,0.0074337437815975085,target,2.0000000000000298,train,9,3648,3654,7,0.007433743781597446,0.014867487563195114,True,True,True,True,1.1794881078702018,1.1780843952382172,1.1714203984313922,1.17539,0.005669604817826378,0.003388707908726243,0.0015927259089290047,0.21425622885629353,0.0003442211787967331,0.006277492447662544,0.34,7.800000000000029,0.10492694164828764,0.00723000000000007,0.005900000000000016,0.972592036047595,1,1,0,2017,2017-12,2017Q4
2018-01-11,2018-01-12,2018-01-15,1.2039900000000001,1.1963869696632272,1.219196060673546,1.22046,0.007603030336772934,gap_target,2.1662415208763544,train,3,3663,3664,2,0.007603030336772898,0.015206060673545796,True,True,True,True,1.1935647962638487,1.187031408060601,1.1781249749315323,1.2042,0.007396141113659435,0.022132647743914404,0.00722903938786601,0.9508102779627126,0.002732450355095617,0.006315543615348076,0.57,20.700000000000163,0.27225986327954294,0.012920000000000043,0.008909999999999973,1.6993224316771394,1,2,0,2018,2018-01,2018Q1
2018-02-12,2018-02-13,2018-02-15,1.22926,1.2192041928586008,1.2493716142827982,1.2493716142827982,0.0100558071413991,target,1.999999999999978,train,2,3685,3687,3,0.010055807141399198,0.020111614282798174,True,True,True,True,1.22861596939813,1.2152171513034404,1.1989802953754065,1.22351,0.0132707177939158,0.020458805469286894,0.015138576032182716,1.5054560831679227,0.0032298627716058625,0.008181372815613819,0.94,4.100000000000215,0.04077246055287578,0.006189999999999918,0.004009999999999847,0.6155647093226453,3,3,0,2018,2018-02,2018Q1
2018-02-13,2018-02-14,2018-02-16,1.2351800000000002,1.2252231790829866,1.255093641834027,1.255093641834027,0.009956820917013448,target,1.9999999999999778,train,2,3686,3688,3,0.009956820917013554,0.019913641834026885,True,True,True,True,1.229222067550689,1.2152171513034404,1.1989802953754065,1.22351,0.0132707177939158,0.020458805469286894,0.014901434708896488,1.4966056769620177,0.0029718289374252027,0.00806233373577989,0.92,52.60000000000042,0.5282810692127806,0.008669999999999956,0.005870000000000042,0.8707598612309405,3,4,0,2018,2018-02,2018Q1
2018-02-14,2018-02-15,2018-02-20,1.24529,1.2346950948627733,1.2664798102744534,1.2346950948627733,0.010594905137226763,stop,-1.0,train,5,3687,3690,4,0.010594905137226718,0.021189810274453436,True,True,True,True,1.230762823022052,1.2152171513034404,1.1989802953754065,1.22351,0.0132707177939158,0.020458805469286894,0.015223391468172753,1.4368596293215614,0.0036403846653694227,0.008507230718826692,0.99,82.80000000000065,0.7815077051428297,0.01888999999999985,0.01036999999999999,1.7829324335927321,3,0,1,2018,2018-02,2018Q1
2018-03-02,2018-03-05,2018-03-20,1.2354,1.2257994276097144,1.2546011447805712,1.2257994276097144,0.009600572390285602,stop,-1.0,train,15,3699,3710,12,0.009600572390285667,0.01920114478057111,True,True,True,True,1.2306605010921494,1.2215471839304022,1.2054510354433599,1.22924,0.01309439042582598,0.01973449261494954,0.008978377465385545,0.935191892774057,0.0011759697676083647,0.007786794376230282,0.76,54.50000000000177,0.5676744863165443,0.008429999999999938,0.005730000000000013,0.8780726458070234,2,0,3,2018,2018-03,2018Q1
2018-03-13,2018-03-14,2018-03-15,1.2395200000000002,1.2304149599203007,1.2577300801593994,1.2304149599203007,0.009105040079699544,stop,-1.0,train,1,3706,3707,2,0.009105040079699478,0.018210080159399178,True,True,True,True,1.2332412195779838,1.2248900983335749,1.2102158816214352,1.23062,0.011924246893549302,0.01685989969924009,0.008097884292829427,0.8893848046736603,0.0022159308915135068,0.0073465067572230595,0.68,48.200000000000465,0.5293771315457078,0.009260000000000046,0.005980000000000096,1.0170191365380146,2,0,2,2018,2018-03,2018Q1
2018-04-10,2018-04-11,2018-04-20,1.2355200000000002,1.2274918761197517,1.2515762477604973,1.2274918761197517,0.00802812388024851,stop,-1.0,train,9,3726,3733,8,0.008028123880248428,0.016056247760497078,True,True,True,True,1.2316491011822044,1.2282700454317725,1.2171076727741377,1.22853,0.009085958550165538,0.009384812438021582,0.0028624867947506516,0.35655737722149394,0.00023328332214922476,0.006498610834290012,0.38,23.800000000000487,0.2964578070170955,0.0074599999999998,0.003090000000000037,0.9292332942636252,2,0,4,2018,2018-04,2018Q2
2018-04-16,2018-04-17,2018-04-20,1.2382300000000002,1.230747836939198,1.2531943261216045,1.230747836939198,0.007482163060802208,stop,-1.0,train,3,3730,3733,4,0.007482163060802183,0.014964326121604365,True,True,True,True,1.2328893306552622,1.2292845826259955,1.2187021801289817,1.23385,0.008576733393049246,0.012429468099757592,0.003130391991442938,0.4183806161406097,0.0012406257299388823,0.006043457555209124,0.28,34.79999999999927,0.4651061426649549,0.006879999999999997,0.004959999999999853,0.9195201900962515,2,0,5,2018,2018-04,2018Q2
2020-01-13,2020-01-14,2020-01-17,1.11373,1.1089875060074044,1.1232149879851916,1.1089875060074044,0.004742493992595716,stop,-1.0,validation,3,4180,4183,4,0.004742493992595742,0.009484987985191484,True,True,True,True,1.1131434895664183,1.1105240588775904,1.1104424619442304,1.11217,7.336732096718397e-05,0.0015557204582622604,0.002413083862082832,0.5088217013770164,0.0003753454919974697,0.004258896315922694,0.27,6.200000000000649,0.13073290150036004,0.003409999999999913,0.0020100000000000673,0.7190309582518866,2,0,6,2020,2020-01,2020Q1
2020-01-15,2020-01-16,2020-01-17,1.11525,1.1105796352818946,1.124590729436211,1.1105796352818946,0.004670364718105497,stop,-1.0,validation,1,4182,4183,2,0.004670364718105446,0.009340729436210893,True,True,True,True,1.1132863486019884,1.1105240588775904,1.1104424619442304,1.11217,7.336732096718397e-05,0.0015557204582622604,0.002312652294372386,0.495175951763891,0.0004258379570494242,0.00418832983714812,0.23,6.399999999999739,0.13703426576491992,0.004450000000000065,0.002429999999999932,0.9528163791467615,2,0,7,2020,2020-01,2020Q1
2020-06-22,2020-06-23,2020-07-20,1.12643,1.116959694361393,1.1453706112772142,1.1453706112772142,0.009470305638607021,target,2.0000000000000235,validation,27,4294,4313,20,0.009470305638606957,0.018940611277214137,True,True,True,True,1.1195528592902804,1.1073214328742464,1.1034617977007282,1.11865,0.0034502616310001194,0.013764139665658799,0.011071159913125683,1.1690393463113329,0.0032511256485892037,0.008408109202992925,0.57,9.099999999999664,0.09608982378459091,0.010059999999999958,0.007980000000000098,1.06226772227804,1,1,0,2020,2020-07,2020Q3
2020-10-05,2020-10-06,2020-10-15,1.17832,1.170650272834863,1.1936594543302745,1.170650272834863,0.007669727165137251,stop,-1.0,validation,9,4369,4376,8,0.007669727165137141,0.015339454330274505,True,True,True,True,1.1753853019344915,1.1709819699865247,1.1562306090416359,1.17124,0.01259465262874289,0.012981312586772807,0.003678833824004135,0.4796564134284041,0.0005371432258691744,0.0065105277069201235,0.02,32.70000000000106,0.4263515415338231,0.008829999999999893,0.006750000000000034,1.1512795448756852,2,0,2,2020,2020-10,2020Q4
2020-10-09,2020-10-12,2020-10-13,1.18154,1.1742291780101135,1.1961616439797733,1.1742291780101135,0.007310821989886632,stop,-1.0,validation,1,4373,4374,2,0.007310821989886529,0.01462164397977328,True,True,True,True,1.1760421685069742,1.1709819699865247,1.1562306090416359,1.17124,0.01259465262874289,0.012981312586772807,0.0035272229037601743,0.48246598106745453,0.0010673971616863565,0.00618319306975535,0.01,41.999999999999815,0.5744908036073123,0.007030000000000092,0.006440000000000001,0.9615881784189229,2,0,1,2020,2020-10,2020Q4
2020-10-19,2020-10-20,2020-10-29,1.1769100000000001,1.1698804262257088,1.1909691475485829,1.1698804262257088,0.007029573774291386,stop,-1.0,validation,9,4379,4386,8,0.007029573774291364,0.014059147548582729,True,True,True,True,1.1754817577518872,1.1728193352802354,1.1599629248617473,1.17177,0.01097178662919179,0.010178838379390345,0.0024476732003477775,0.3481965306772123,0.00016952897198097006,0.005973617422513648,0.04,21.900000000001363,0.31154093694975105,0.009020000000000028,0.004750000000000032,1.2831503430532367,2,0,4,2020,2020-10,2020Q4
2020-10-20,2020-10-21,2020-10-28,1.1825400000000001,1.1754375386381581,1.1967449227236842,1.1754375386381581,0.0071024613618420095,stop,-1.0,validation,7,4380,4385,6,0.007102461361842005,0.01420492272368401,True,True,True,True,1.176140637965993,1.1728193352802354,1.1599629248617473,1.17177,0.01097178662919179,0.010178838379390345,0.002739262612553084,0.3856779323390309,0.0004722925417073309,0.006006817795874501,0.06,30.399999999999316,0.42802063188014494,0.008050000000000113,0.005639999999999867,1.1334098969195041,2,0,3,2020,2020-10,2020Q4
2021-01-21,2021-01-22,2021-01-27,1.2169400000000001,1.2095568526667484,1.2317062946665038,1.2095568526667484,0.007383147333251848,stop,-1.0,validation,5,4445,4448,4,0.007383147333251738,0.014766294666503699,True,True,True,True,1.2162542928612128,1.208219941712267,1.1942580214224878,1.20778,0.011559986330109094,0.011322493410097544,0.007192168069266591,0.9741330823610774,0.0005203662189867675,0.006067775056503104,0.44,9.600000000000719,0.13002584895962624,0.006260000000000154,0.005759999999999987,0.8478768900908534,1,0,5,2021,2021-01,2021Q1
2021-02-19,2021-02-22,2021-03-01,1.21238,1.2059423266673186,1.2252553466653628,1.2059423266673186,0.006437673332681419,stop,-1.0,validation,7,4466,4471,6,0.006437673332681415,0.01287534666536283,True,True,True,True,1.2102172003493537,1.2098630296820012,1.1999281111769275,1.21179,0.00819854801993222,0.009885499566668088,0.0009474868692567195,0.14717846344372873,7.880658719439104e-05,0.005313233687413995,0.03,21.599999999999397,0.3355249464172884,0.006210000000000049,0.0025500000000000522,0.9646342209497387,2,0,7,2021,2021-03,2021Q1
2021-02-22,2021-02-23,2021-02-26,1.21619,1.209655017619653,1.229259964760694,1.209655017619653,0.0065349823803470194,stop,-1.0,validation,3,4467,4470,4,0.00653498238034711,0.013069964760693997,True,True,True,True,1.2107727050779866,1.2101842970125465,1.2010425767791248,1.21163,0.007544976794418787,0.008815193920325268,0.0012370980088738381,0.18930395475804573,0.00020473574063784028,0.005373942173715735,0.06,16.00000000000046,0.24483616127440622,0.007799999999999807,0.0038200000000001566,1.1935762862126666,2,0,6,2021,2021-02,2021Q1
2021-05-06,2021-05-07,2021-05-18,1.20652,1.200068828603222,1.2194223427935562,1.2194223427935562,0.0064511713967781254,target,2.0,validation,11,4519,4526,8,0.006451171396778088,0.012902342793556176,True,True,True,True,1.2019399862543916,1.198065074861465,1.1972160705839516,1.20234,0.0007061266176899481,0.004279870227225648,0.0024720733454413057,0.3831975920955875,0.0008736468235817085,0.005347722364157805,0.18,36.79999999999905,0.5704390371394858,0.007800000000000029,0.005649999999999933,1.209082741763076,1,1,0,2021,2021-05,2021Q2
2021-06-07,2021-06-08,2021-06-11,1.2193100000000001,1.2127277807989352,1.2324744384021302,1.2127277807989352,0.006582219201065011,stop,-1.0,validation,3,4541,4544,4,0.006582219201064943,0.013164438402130108,True,True,True,True,1.2168216053542897,1.2103094415153872,1.2051244043222369,1.21688,0.004260927283832697,0.009754673986852364,0.006370151264034396,0.967781696331793,0.0017189913806985313,0.005398890402618983,0.36,6.899999999998574,0.10482786715583925,0.005670000000000064,0.0026199999999998447,0.8614116040199103,1,0,1,2021,2021-06,2021Q2
2023-01-06,2023-01-09,2023-01-12,1.06465,1.0547744022721341,1.084401195455732,1.084401195455732,0.00987559772786592,target,2.0,validation,3,4953,4956,4,0.009875597727865948,0.019751195455731896,True,True,True,True,1.0582233142175639,1.0433448936414278,1.032769852635306,1.07049,0.00987869200657814,0.03652328470708546,0.015302519821091431,1.5495284683287975,0.0037260616790504297,0.009276258656095583,0.13,14.499999999999513,0.1468265557140399,0.01639999999999997,0.012430000000000163,1.660658974972642,1,1,0,2023,2023-01,2023Q1
2023-03-20,2023-03-21,2023-03-23,1.07244,1.0630793359393458,1.0911613281213084,1.0911613281213084,0.00936066406065422,target,1.9999999999999762,validation,2,5004,5006,3,0.009360664060654278,0.018721328121308334,True,True,True,True,1.0654050807153241,1.0651092840952456,1.0572804077585045,1.06662,0.007339892685999813,0.008833600029812205,0.00018556426243976354,0.019823835278925114,0.0002421990536700669,0.008729764015270612,0.46,37.30000000000011,0.39847600296632374,0.009889999999999954,0.005249999999999977,1.0565489730125768,1,2,0,2023,2023-03,2023Q1
2023-07-07,2023-07-10,2023-07-12,1.09674,1.0896039399778898,1.1110121200442205,1.1110121200442205,0.007136060022110169,target,2.0,final,2,5082,5084,3,0.007136060022110202,0.014272120044220404,True,True,True,True,1.088795030841967,1.0853386965611482,1.0801810696080374,1.09132,0.004726044563565992,0.010312095541541597,0.002486094412215367,0.34838473954990873,0.0008559772081169204,0.0065068478363364355,0.26,66.8000000000002,0.9360907810896902,0.010619999999999852,0.007710000000000106,1.4882161819120272,1,3,0,2023,2023-07,2023Q3
2023-07-26,2023-07-27,2023-07-27,1.10887,1.1017751861545344,1.1230596276909313,1.1017751861545344,0.007094813845465593,stop,-1.0,final,0,5095,5095,1,0.0070948138454656196,0.014189627690931239,True,True,True,True,1.1063256125029879,1.0972116978159856,1.0882067181126798,1.11254,0.008094072755411784,0.022360900261232067,0.00910713401739871,1.2836325541112292,0.0026706942419914004,0.006399218765640473,0.29,0.10000000000065512,0.0014094802510507968,0.006859999999999866,0.003009999999999957,0.9669034522144934,1,0,1,2023,2023-07,2023Q3
2024-01-10,2024-01-11,2024-01-16,1.09742,1.0903099454969298,1.1116401090061403,1.0903099454969298,0.007110054503070131,stop,-1.0,final,5,5213,5216,4,0.007110054503070229,0.014220109006140236,True,True,True,True,1.0948332616465777,1.0885338809361365,1.0837366752417887,1.09395,0.004385214766989092,0.009424175624519287,0.006780792766120758,0.9536906873488527,0.001498730268939541,0.006479826570794644,0.46,6.199999999998429,0.08720045672394298,0.005120000000000013,0.004369999999999985,0.7201069974624232,1,0,2,2024,2024-01,2024Q1
2024-03-20,2024-03-21,2024-03-21,1.09339,1.088034608537652,1.1041007829246963,1.088034608537652,0.005355391462348093,stop,-1.0,final,0,5263,5263,1,0.005355391462348091,0.010710782924696183,True,True,True,True,1.0879679190589873,1.0861944152172658,1.0848322389780176,1.08886,0.0012510113689989252,0.0037127962068833203,0.0018541028543974658,0.34621238567395535,0.0006215634597257491,0.004898642075251631,0.09,55.70000000000075,1.0400733614266706,0.009570000000000078,0.006669999999999954,1.7869842134386331,1,0,3,2024,2024-03,2024Q1
2024-08-02,2024-08-05,2024-08-14,1.0922500000000002,1.0869676300027769,1.1028147399944468,1.1028147399944468,0.005282369997223271,target,2.0,final,9,5359,5366,8,0.005282369997223313,0.010564739994446626,True,True,True,True,1.0842568781938426,1.0821081776980521,1.0809907198062212,1.08579,0.001029165761179354,0.004439705268366378,0.0021168877964097277,0.40074583899319627,0.0003071067859137244,0.004840393652787266,0.39,77.59999999999988,1.469037572922591,0.014470000000000205,0.012119999999999909,2.7393007319832763,1,1,0,2024,2024-08,2024Q3
2024-09-04,2024-09-05,2024-09-10,1.1085200000000002,1.1027187302183203,1.12012253956336,1.1027187302183203,0.005801269781679936,stop,-1.0,final,5,5382,5385,4,0.00580126978167983,0.011602539563359882,True,True,True,True,1.1052980277596667,1.0960464620827703,1.0897006656058368,1.10535,0.005740983830400835,0.014361131352950739,0.00877137992267607,1.5119758695545527,0.002238102784796636,0.005234338571049558,0.72,10.199999999997988,0.1758235762834023,0.005560000000000009,0.0037799999999998946,0.958410866799913,1,0,1,2024,2024-09,2024Q3
2024-09-12,2024-09-13,2024-09-25,1.10768,1.1018811067383647,1.1192777865232708,1.1192777865232708,0.005798893261635358,target,2.000000000000038,final,12,5388,5396,9,0.005798893261635296,0.011597786523270814,True,True,True,True,1.105339723721631,1.098374378067721,1.0915244117386143,1.10885,0.006177540992115109,0.015872836260060277,0.006883131623005356,1.186973326193666,0.001365106921908943,0.005236351969546932,0.74,19.399999999998307,0.3345465957848528,0.006990000000000052,0.006139999999999812,1.2054024250187332,1,1,0,2024,2024-09,2024Q3
2025-03-28,2025-03-31,2025-04-03,1.08179,1.073708935802437,1.0979521283951261,1.0979521283951261,0.00808106419756309,target,2.0,final,3,5527,5530,4,0.008081064197563048,0.016162128395126096,True,True,True,True,1.0771197321934192,1.06152800758512,1.059862851281695,1.08171,0.0015393740498145505,0.02061318470770547,0.012056592055892823,1.4919559801948592,0.003125687296558377,0.007461119756957491,0.37,10.40000000000152,0.1286959210537855,0.007980000000000098,0.003450000000000175,0.987493701931799,1,2,0,2025,2025-04,2025Q2
2025-04-03,2025-04-04,2025-04-04,1.1052000000000002,1.0951547760165923,1.125290447966816,1.0951547760165923,0.010045223983407948,stop,-1.0,final,0,5531,5531,1,0.010045223983407903,0.020090447966815805,True,True,True,True,1.0808046309880068,1.0654483698423707,1.0620749606834383,1.08309,0.0031146157373185615,0.019786775975811303,0.012391515406082076,1.2335728328755617,0.004085765642866779,0.009089137599334005,1.0,128.49999999999807,1.2792148807457762,0.03369,0.022379999999999844,3.353832632865824,1,0,1,2025,2025-04,2025Q2
2025-05-19,2025-05-20,2025-06-05,1.1244200000000002,1.113398731866622,1.1464625362667562,1.1464625362667562,0.01102126813337803,target,1.9999999999999798,final,16,5562,5574,13,0.011021268133378115,0.022042536266756008,True,True,True,True,1.1226904672407239,1.110327096171968,1.0937595491651302,1.11494,0.014859586172204623,0.019364814552738724,0.01345818208401628,1.221110122823165,0.0021613066195527164,0.00980234636312361,0.77,23.899999999998922,0.21685344835788464,0.011500000000000066,0.00653999999999999,1.0434370946091214,2,1,0,2025,2025-06,2025Q2
2025-05-29,2025-05-30,2025-06-12,1.13714,1.126963292923325,1.1574934141533502,1.1574934141533502,0.010176707076675036,target,2.0000000000000218,final,13,5570,5579,10,0.010176707076674951,0.020353414153350124,True,True,True,True,1.1285836728291156,1.1150621695952465,1.0978176873398797,1.13637,0.015175059404390108,0.03511722675332042,0.012792956090805996,1.2570820791459538,0.004232763640319437,0.008950568674020913,0.65,24.800000000000377,0.24369375882737018,0.017400000000000082,0.007390000000000008,1.709786856288789,2,2,0,2025,2025-06,2025Q2
2025-06-23,2025-06-24,2025-06-30,1.15796,1.1487248808971364,1.1764302382057275,1.1764302382057275,0.009235119102863707,target,2.0,final,6,5587,5591,5,0.009235119102863676,0.018470238205727352,True,True,True,True,1.145750596237411,1.1326953387551677,1.113800344464603,1.15162,0.016407316901898835,0.03395550712778492,0.013958603109427425,1.5114697443478577,0.004314445764416863,0.007976437297342985,0.44,34.09999999999913,0.36924266617660734,0.012769999999999948,0.010279999999999845,1.3827650577933654,1,3,0,2025,2025-06,2025Q2
2025-07-21,2025-07-22,2025-07-28,1.16945,1.1610873208135766,1.1861753583728472,1.1610873208135766,0.008362679186423578,stop,-1.0,final,6,5607,5611,5,0.008362679186423527,0.016725358372847055,True,True,True,True,1.1649693874824363,1.1526796665236425,1.1321344088675578,1.16224,0.017677293550458363,0.02659188776229841,0.012636731182012584,1.511086447334693,0.0023967617094238225,0.007151439823514865,0.2,21.999999999999797,0.26307358574409717,0.010190000000000143,0.005880000000000107,1.2185090176056421,1,0,1,2025,2025-07,2025Q3
2025-08-06,2025-08-07,2025-09-16,1.16598,1.156805973539696,1.184328052920608,1.184328052920608,0.009174026460303965,target,2.0,final,40,5619,5647,29,0.009174026460303963,0.018348052920607927,True,True,True,True,1.161048052045472,1.1566820908133473,1.1381369650820599,1.15693,0.016029600521455415,0.016512103107542222,0.0056505023272073185,0.6159239186476141,0.00017215943294046632,0.007869094516613885,0.41,70.39999999999935,0.7673838777838752,0.01036999999999999,0.008349999999999858,1.130365172246996,6,1,0,2025,2025-09,2025Q3
2025-08-22,2025-08-25,2025-08-25,1.17243,1.1640674332073242,1.1891551335853519,1.1640674332073242,0.008362566792675885,stop,-1.0,final,0,5631,5631,1,0.008362566792675885,0.01672513358535177,True,True,True,True,1.1647580165400182,1.1602523087262901,1.1434338421646795,1.17011,0.014373406399065626,0.02332986557824704,0.005212257852905022,0.6232844510695005,0.0014009568707722408,0.007135174137536803,0.2,57.70000000000053,0.6899795413357466,0.015959999999999974,0.011319999999999997,1.9085049358264121,2,0,2,2025,2025-08,2025Q3
2025-08-28,2025-08-29,2025-09-16,1.16809,1.1598280453413783,1.1846139093172439,1.1846139093172439,0.00826195465862184,target,2.000000000000027,final,18,5635,5647,13,0.008261954658621784,0.01652390931724379,True,True,True,True,1.1647607781403413,1.1623918889578737,1.146156333387091,1.17202,0.013852626722054838,0.022565566196783505,0.004462057134826836,0.5400728180189678,0.0012621150250498037,0.007074015273708048,0.14,31.29999999999855,0.3788449742620549,0.006790000000000074,0.0041199999999999015,0.8218394170094248,5,2,0,2025,2025-09,2025Q3
2025-08-29,2025-09-01,2025-09-03,1.16911,1.161032470674137,1.1852650586517264,1.161032470674137,0.00807752932586313,stop,-1.0,final,2,5636,5638,3,0.008077529325863031,0.016155058651726284,True,True,True,True,1.1652454659364992,1.1623918889578737,1.146156333387091,1.17202,0.013852626722054838,0.022565566196783505,0.004572184970416782,0.5660375575211196,0.001127522278969284,0.006904756443871547,0.1,0.9999999999998899,0.012380023143933732,0.005679999999999907,0.0019100000000000783,0.7031853145755019,3,0,3,2025,2025-09,2025Q3
2025-09-05,2025-09-08,2025-09-17,1.1720700000000002,1.1641291209466524,1.1879517581066956,1.1879517581066956,0.007940879053347717,target,2.0,final,9,5641,5648,8,0.007940879053347727,0.015881758106695454,True,True,True,True,1.1661993709998602,1.1637479091473513,1.148412873064511,1.16985,0.013108549030081094,0.01866674210842371,0.004267072600978139,0.5373551935889549,0.0012590174327995474,0.006776592667196659,0.09,48.90000000000061,0.6158008410842795,0.011089999999999822,0.006820000000000048,1.396570823645085,4,3,0,2025,2025-09,2025Q3
2025-09-11,2025-09-12,2025-09-17,1.17371,1.1661030974947246,1.188923805010551,1.188923805010551,0.007606902505275491,target,2.0000000000000293,final,5,5645,5648,4,0.007606902505275404,0.01521380501055103,True,True,True,True,1.1683091302907367,1.1652137438478327,1.150641170867891,1.17181,0.012435952057024385,0.018397420210630993,0.004791416673332938,0.6298774921868691,0.0019885867124449508,0.006482290011227613,0.03,4.699999999999704,0.061785989721048616,0.0080699999999998,0.003409999999999913,1.060878589465705,4,4,0,2025,2025-09,2025Q3
2025-09-22,2025-09-23,2025-09-25,1.18035,1.1724772302555313,1.1960955394889372,1.1724772302555313,0.007872769744468629,stop,-1.0,final,2,5652,5654,3,0.00787276974446871,0.0157455394889372,True,True,True,True,1.1736301279152266,1.1682050681956564,1.1549210038170263,1.17478,0.011307703892328824,0.01719511214822434,0.00637060337822537,0.8091946779850034,0.002848163369993717,0.006672008393830885,0.16,7.399999999999629,0.09399487397937473,0.007719999999999949,0.005309999999999926,0.9805951717848709,1,0,1,2025,2025-09,2025Q3
2026-02-06,2026-02-09,2026-03-02,1.18175,1.1741790747845848,1.1968918504308306,1.1741790747845848,0.007570925215415204,stop,-1.0,final,21,5749,5764,16,0.007570925215415247,0.015141850430830495,True,True,True,True,1.1796554981868497,1.1718706708384092,1.167161346243393,1.18534,0.003972973657360987,0.015575099205535401,0.0056435261973548645,0.7454209408731246,0.0014159236158539645,0.006403990133321382,0.86,0.9000000000014552,0.011887582751034973,0.00602999999999998,0.004050000000000109,0.7964680443180527,1,0,2,2026,2026-03,2026Q1
2026-04-30,2026-05-01,2026-05-14,1.1735,1.1666587314216676,1.1871825371566647,1.1666587314216676,0.00684126857833233,stop,-1.0,final,13,5808,5817,10,0.006841268578332338,0.013682537156664676,True,True,True,True,1.1698890487049105,1.167010404063556,1.166777009753118,1.17187,0.00019916399467347618,0.004365007370139702,0.0017937904698170914,0.2622014395836447,0.0006915854470646021,0.005830543809035949,0.45,12.899999999997913,0.18856151972829718,0.008510000000000018,0.005759999999999987,1.2439213433240868,2,0,3,2026,2026-05,2026Q2
2026-05-06,2026-05-07,2026-05-14,1.1751900000000002,1.168357601471633,1.1888547970567342,1.168357601471633,0.006832398528367074,stop,-1.0,final,7,5812,5817,6,0.006832398528367145,0.013664797056734068,True,True,True,True,1.1704120334442578,1.167912148779273,1.167271580252821,1.17197,0.0005465741669598114,0.004025129906924698,0.0018289441422656427,0.26768698205646907,0.0007023103226091454,0.005814609314037883,0.44,37.00000000000036,0.5415374973573632,0.010479999999999823,0.005630000000000024,1.533868370893247,2,0,4,2026,2026-05,2026Q2
